"","acquisitionDate","StartTime","StopTime","WRSPath","WRSRow","LandCloudCover","SceneCloudCover","SensorIdentifier","ImageQuality","spatialFootprint","sceneBounds","browseUrl","dataAccessUrl","downloadUrl","entityId","displayId","cloudCover","metadataUrl","fgdcMetadataUrl","modifiedDate","orderUrl","bulkOrdered","ordered","summary","product","levels_available","AOIcloudcoverpercentage"
"2","1985-01-05","1985:005:07:34:58.4915600","1985:005:07:35:25.1065600",173,38,0,0,"TM",9,"POLYGON ((35.80611 31.08746, 37.71525 30.80977, 38.15631 32.38934, 36.21554 32.67167, 35.80611 31.08746))","35.80611,30.80977,38.15631,32.67167","https://ims.cr.usgs.gov/browse/landsat_tm_c1/1985/173/038/LT05_L1TP_173038_19850105_20170219_01_T1.jpg","https://earthexplorer.usgs.gov/order/process?dataset_name=LANDSAT_TM_C1&ordered=LT51730381985005XXX03&node=INVSVC","https://earthexplorer.usgs.gov/download/external/options/LANDSAT_TM_C1/LT51730381985005XXX03/INVSVC/","LT51730381985005XXX03","LT05_L1TP_173038_19850105_20170219_01_T1","NULL","https://earthexplorer.usgs.gov/metadata/xml/12266/LT51730381985005XXX03/","https://earthexplorer.usgs.gov/fgdc/12266/LT51730381985005XXX03/save_xml","2018-06-20","https://earthexplorer.usgs.gov/order/process?dataset_name=LANDSAT_TM_C1&ordered=LT51730381985005XXX03&node=INVSVC","FALSE","FALSE","Entity ID: LT05_L1TP_173038_19850105_20170219_01_T1, Acquisition Date: 05-JAN-85, Path: 173, Row: 38","LANDSAT_TM_C1","'source_metadata', 'l1', 'toa', 'bt', 'sr', 'sr_ndvi', 'sr_evi', 'sr_savi', 'sr_msavi', 'sr_ndmi', 'sr_nbr', 'sr_nbr2', 'stats', 'pixel_qa', 'stalg_single_channel', 'reanalsrc_narr', 'reanalsrc_merra2', 'reanalsrc_fp', 'reanalsrc_fpit'",0
"21","1985-08-17","1985:229:07:34:20.1731900","1985:229:07:34:46.7987500",173,38,1,1,"TM",7,"POLYGON ((35.75004 31.0991, 37.65941 30.82138, 38.10056 32.40093, 36.15955 32.6833, 35.75004 31.0991))","35.75004,30.82138,38.10056,32.6833","https://ims.cr.usgs.gov/browse/landsat_tm_c1/1985/173/038/LT05_L1TP_173038_19850817_20171212_01_T1.jpg","https://earthexplorer.usgs.gov/order/process?dataset_name=LANDSAT_TM_C1&ordered=LT51730381985229FUI00&node=INVSVC","https://earthexplorer.usgs.gov/download/external/options/LANDSAT_TM_C1/LT51730381985229FUI00/INVSVC/","LT51730381985229FUI00","LT05_L1TP_173038_19850817_20171212_01_T1","NULL","https://earthexplorer.usgs.gov/metadata/xml/12266/LT51730381985229FUI00/","https://earthexplorer.usgs.gov/fgdc/12266/LT51730381985229FUI00/save_xml","2018-06-20","https://earthexplorer.usgs.gov/order/process?dataset_name=LANDSAT_TM_C1&ordered=LT51730381985229FUI00&node=INVSVC","FALSE","FALSE","Entity ID: LT05_L1TP_173038_19850817_20171212_01_T1, Acquisition Date: 17-AUG-85, Path: 173, Row: 38","LANDSAT_TM_C1","'source_metadata', 'l1', 'toa', 'bt', 'sr', 'sr_ndvi', 'sr_evi', 'sr_savi', 'sr_msavi', 'sr_ndmi', 'sr_nbr', 'sr_nbr2', 'stats', 'pixel_qa', 'stalg_single_channel', 'reanalsrc_narr', 'reanalsrc_merra2', 'reanalsrc_fp', 'reanalsrc_fpit'",1.21603238329075
"22","1986-01-24","1986:024:07:31:53.4381900","1986:024:07:32:20.0715000",173,38,0,0,"TM",9,"POLYGON ((35.73304 31.06075, 37.64167 30.78314, 38.08253 32.36272, 36.14232 32.64497, 35.73304 31.06075))","35.73304,30.78314,38.08253,32.64497","https://ims.cr.usgs.gov/browse/landsat_tm_c1/1986/173/038/LT05_L1TP_173038_19860124_20180208_01_T1.jpg","https://earthexplorer.usgs.gov/order/process?dataset_name=LANDSAT_TM_C1&ordered=LT51730381986024FUI00&node=INVSVC","https://earthexplorer.usgs.gov/download/external/options/LANDSAT_TM_C1/LT51730381986024FUI00/INVSVC/","LT51730381986024FUI00","LT05_L1TP_173038_19860124_20180208_01_T1","NULL","https://earthexplorer.usgs.gov/metadata/xml/12266/LT51730381986024FUI00/","https://earthexplorer.usgs.gov/fgdc/12266/LT51730381986024FUI00/save_xml","2018-06-20","https://earthexplorer.usgs.gov/order/process?dataset_name=LANDSAT_TM_C1&ordered=LT51730381986024FUI00&node=INVSVC","FALSE","FALSE","Entity ID: LT05_L1TP_173038_19860124_20180208_01_T1, Acquisition Date: 24-JAN-86, Path: 173, Row: 38","LANDSAT_TM_C1","'source_metadata', 'l1', 'toa', 'bt', 'sr', 'sr_ndvi', 'sr_evi', 'sr_savi', 'sr_msavi', 'sr_ndmi', 'sr_nbr', 'sr_nbr2', 'stats', 'pixel_qa', 'stalg_single_channel', 'reanalsrc_narr', 'reanalsrc_merra2', 'reanalsrc_fp', 'reanalsrc_fpit'",0
"23","1986-08-20","1986:232:07:26:09.5222500","1986:232:07:26:36.1736300",173,38,0,0,"TM",7,"POLYGON ((35.72428 31.10533, 37.63377 30.82759, 38.07496 32.40714, 36.13383 32.68952, 35.72428 31.10533))","35.72428,30.82759,38.07496,32.68952","https://ims.cr.usgs.gov/browse/landsat_tm_c1/1986/173/038/LT05_L1TP_173038_19860820_20180430_01_T1.jpg","https://earthexplorer.usgs.gov/order/process?dataset_name=LANDSAT_TM_C1&ordered=LT51730381986232FUI00&node=INVSVC","https://earthexplorer.usgs.gov/download/external/options/LANDSAT_TM_C1/LT51730381986232FUI00/INVSVC/","LT51730381986232FUI00","LT05_L1TP_173038_19860820_20180430_01_T1","NULL","https://earthexplorer.usgs.gov/metadata/xml/12266/LT51730381986232FUI00/","https://earthexplorer.usgs.gov/fgdc/12266/LT51730381986232FUI00/save_xml","2018-06-20","https://earthexplorer.usgs.gov/order/process?dataset_name=LANDSAT_TM_C1&ordered=LT51730381986232FUI00&node=INVSVC","FALSE","FALSE","Entity ID: LT05_L1TP_173038_19860820_20180430_01_T1, Acquisition Date: 20-AUG-86, Path: 173, Row: 38","LANDSAT_TM_C1","'source_metadata', 'l1', 'toa', 'bt', 'sr', 'sr_ndvi', 'sr_evi', 'sr_savi', 'sr_msavi', 'sr_ndmi', 'sr_nbr', 'sr_nbr2', 'stats', 'pixel_qa', 'stalg_single_channel', 'reanalsrc_narr', 'reanalsrc_merra2', 'reanalsrc_fp', 'reanalsrc_fpit'",1.42876085659352
"4","1987-01-11","1987:011:07:24:17.7599400","1987:011:07:24:44.4296900",173,38,7,7,"TM",9,"POLYGON ((35.81868 31.08768, 37.72783 30.80999, 38.16889 32.38955, 36.22812 32.67189, 35.81868 31.08768))","35.81868,30.80999,38.16889,32.67189","https://ims.cr.usgs.gov/browse/landsat_tm_c1/1987/173/038/LT05_L1TP_173038_19870111_20170215_01_T1.jpg","https://earthexplorer.usgs.gov/order/process?dataset_name=LANDSAT_TM_C1&ordered=LT51730381987011XXX03&node=INVSVC","https://earthexplorer.usgs.gov/download/external/options/LANDSAT_TM_C1/LT51730381987011XXX03/INVSVC/","LT51730381987011XXX03","LT05_L1TP_173038_19870111_20170215_01_T1","NULL","https://earthexplorer.usgs.gov/metadata/xml/12266/LT51730381987011XXX03/","https://earthexplorer.usgs.gov/fgdc/12266/LT51730381987011XXX03/save_xml","2018-06-20","https://earthexplorer.usgs.gov/order/process?dataset_name=LANDSAT_TM_C1&ordered=LT51730381987011XXX03&node=INVSVC","FALSE","FALSE","Entity ID: LT05_L1TP_173038_19870111_20170215_01_T1, Acquisition Date: 11-JAN-87, Path: 173, Row: 38","LANDSAT_TM_C1","'source_metadata', 'l1', 'toa', 'bt', 'sr', 'sr_ndvi', 'sr_evi', 'sr_savi', 'sr_msavi', 'sr_ndmi', 'sr_nbr', 'sr_nbr2', 'stats', 'pixel_qa', 'stalg_single_channel', 'reanalsrc_narr', 'reanalsrc_merra2', 'reanalsrc_fp', 'reanalsrc_fpit'",0
"24","1987-08-07","1987:219:07:30:30.0063100","1987:219:07:30:56.7001900",173,38,0,0,"TM",9,"POLYGON ((35.84971 31.06075, 37.75834 30.78314, 38.1992 32.36272, 36.25899 32.64497, 35.84971 31.06075))","35.84971,30.78314,38.1992,32.64497","https://ims.cr.usgs.gov/browse/landsat_tm_c1/1987/173/038/LT05_L1TP_173038_19870807_20180208_01_T1.jpg","https://earthexplorer.usgs.gov/order/process?dataset_name=LANDSAT_TM_C1&ordered=LT51730381987219FUI00&node=INVSVC","https://earthexplorer.usgs.gov/download/external/options/LANDSAT_TM_C1/LT51730381987219FUI00/INVSVC/","LT51730381987219FUI00","LT05_L1TP_173038_19870807_20180208_01_T1","NULL","https://earthexplorer.usgs.gov/metadata/xml/12266/LT51730381987219FUI00/","https://earthexplorer.usgs.gov/fgdc/12266/LT51730381987219FUI00/save_xml","2018-06-20","https://earthexplorer.usgs.gov/order/process?dataset_name=LANDSAT_TM_C1&ordered=LT51730381987219FUI00&node=INVSVC","FALSE","FALSE","Entity ID: LT05_L1TP_173038_19870807_20180208_01_T1, Acquisition Date: 07-AUG-87, Path: 173, Row: 38","LANDSAT_TM_C1","'source_metadata', 'l1', 'toa', 'bt', 'sr', 'sr_ndvi', 'sr_evi', 'sr_savi', 'sr_msavi', 'sr_ndmi', 'sr_nbr', 'sr_nbr2', 'stats', 'pixel_qa', 'stalg_single_channel', 'reanalsrc_narr', 'reanalsrc_merra2', 'reanalsrc_fp', 'reanalsrc_fpit'",0.0809930742656903
"8","1988-01-30","1988:030:07:34:02.4826900","1988:030:07:34:29.2001900",173,38,16,16,"TM",9,"POLYGON ((35.79971 31.06075, 37.70834 30.78314, 38.1492 32.36272, 36.20899 32.64497, 35.79971 31.06075))","35.79971,30.78314,38.1492,32.64497","https://ims.cr.usgs.gov/browse/landsat_tm_c1/1988/173/038/LT05_L1TP_173038_19880130_20180218_01_T1.jpg","https://earthexplorer.usgs.gov/order/process?dataset_name=LANDSAT_TM_C1&ordered=LT51730381988030FUI01&node=INVSVC","https://earthexplorer.usgs.gov/download/external/options/LANDSAT_TM_C1/LT51730381988030FUI01/INVSVC/","LT51730381988030FUI01","LT05_L1TP_173038_19880130_20180218_01_T1","NULL","https://earthexplorer.usgs.gov/metadata/xml/12266/LT51730381988030FUI01/","https://earthexplorer.usgs.gov/fgdc/12266/LT51730381988030FUI01/save_xml","2018-06-20","https://earthexplorer.usgs.gov/order/process?dataset_name=LANDSAT_TM_C1&ordered=LT51730381988030FUI01&node=INVSVC","FALSE","FALSE","Entity ID: LT05_L1TP_173038_19880130_20180218_01_T1, Acquisition Date: 30-JAN-88, Path: 173, Row: 38","LANDSAT_TM_C1","'source_metadata', 'l1', 'toa', 'bt', 'sr', 'sr_ndvi', 'sr_evi', 'sr_savi', 'sr_msavi', 'sr_ndmi', 'sr_nbr', 'sr_nbr2', 'stats', 'pixel_qa', 'stalg_single_channel', 'reanalsrc_narr', 'reanalsrc_merra2', 'reanalsrc_fp', 'reanalsrc_fpit'",0
"41","1988-08-25","1988:238:07:35:28.6973800","1988:238:07:35:55.4416300",173,38,0,0,"TM",9,"POLYGON ((35.75045 31.10219, 37.65988 30.82447, 38.10105 32.40402, 36.15998 32.68639, 35.75045 31.10219))","35.75045,30.82447,38.10105,32.68639","https://ims.cr.usgs.gov/browse/landsat_tm_c1/1988/173/038/LT05_L1TP_173038_19880825_20180301_01_T1.jpg","https://earthexplorer.usgs.gov/order/process?dataset_name=LANDSAT_TM_C1&ordered=LT51730381988238RSA00&node=INVSVC","https://earthexplorer.usgs.gov/download/external/options/LANDSAT_TM_C1/LT51730381988238RSA00/INVSVC/","LT51730381988238RSA00","LT05_L1TP_173038_19880825_20180301_01_T1","NULL","https://earthexplorer.usgs.gov/metadata/xml/12266/LT51730381988238RSA00/","https://earthexplorer.usgs.gov/fgdc/12266/LT51730381988238RSA00/save_xml","2018-06-20","https://earthexplorer.usgs.gov/order/process?dataset_name=LANDSAT_TM_C1&ordered=LT51730381988238RSA00&node=INVSVC","FALSE","FALSE","Entity ID: LT05_L1TP_173038_19880825_20180301_01_T1, Acquisition Date: 25-AUG-88, Path: 173, Row: 38","LANDSAT_TM_C1","'source_metadata', 'l1', 'toa', 'bt', 'sr', 'sr_ndvi', 'sr_evi', 'sr_savi', 'sr_msavi', 'sr_ndmi', 'sr_nbr', 'sr_nbr2', 'stats', 'pixel_qa', 'stalg_single_channel', 'reanalsrc_narr', 'reanalsrc_merra2', 'reanalsrc_fp', 'reanalsrc_fpit'",0.959467073211149
"25","1989-01-08","1989:008:07:37:02.7355600","1989:008:07:37:29.3433100",173,38,12,12,"TM",9,"POLYGON ((35.7641 31.09638, 37.67341 30.81866, 38.11454 32.39822, 36.17359 32.68057, 35.7641 31.09638))","35.7641,30.81866,38.11454,32.68057","https://ims.cr.usgs.gov/browse/landsat_tm_c1/1989/173/038/LT04_L1TP_173038_19890108_20170204_01_T1.jpg","https://earthexplorer.usgs.gov/order/process?dataset_name=LANDSAT_TM_C1&ordered=LT41730381989008XXX02&node=INVSVC","https://earthexplorer.usgs.gov/download/external/options/LANDSAT_TM_C1/LT41730381989008XXX02/INVSVC/","LT41730381989008XXX02","LT04_L1TP_173038_19890108_20170204_01_T1","NULL","https://earthexplorer.usgs.gov/metadata/xml/12266/LT41730381989008XXX02/","https://earthexplorer.usgs.gov/fgdc/12266/LT41730381989008XXX02/save_xml","2018-06-20","https://earthexplorer.usgs.gov/order/process?dataset_name=LANDSAT_TM_C1&ordered=LT41730381989008XXX02&node=INVSVC","FALSE","FALSE","Entity ID: LT04_L1TP_173038_19890108_20170204_01_T1, Acquisition Date: 08-JAN-89, Path: 173, Row: 38","LANDSAT_TM_C1","'source_metadata', 'l1', 'toa', 'bt', 'sr', 'sr_ndvi', 'sr_evi', 'sr_savi', 'sr_msavi', 'sr_ndmi', 'sr_nbr', 'sr_nbr2', 'stats', 'pixel_qa', 'stalg_single_channel', 'reanalsrc_narr', 'reanalsrc_merra2', 'reanalsrc_fp', 'reanalsrc_fpit'",0.00499350843902926
"1","1989-08-12","1989:224:07:31:28.3710000","1989:224:07:31:55.1524400",173,38,0,0,"TM",7,"POLYGON ((35.71285 31.10766, 37.62239 30.82992, 38.06359 32.40946, 36.12241 32.69186, 35.71285 31.10766))","35.71285,30.82992,38.06359,32.69186","https://ims.cr.usgs.gov/browse/landsat_tm_c1/1989/173/038/LT05_L1TP_173038_19890812_20180112_01_T1.jpg","https://earthexplorer.usgs.gov/order/process?dataset_name=LANDSAT_TM_C1&ordered=LT51730381989224RSA01&node=INVSVC","https://earthexplorer.usgs.gov/download/external/options/LANDSAT_TM_C1/LT51730381989224RSA01/INVSVC/","LT51730381989224RSA01","LT05_L1TP_173038_19890812_20180112_01_T1","NULL","https://earthexplorer.usgs.gov/metadata/xml/12266/LT51730381989224RSA01/","https://earthexplorer.usgs.gov/fgdc/12266/LT51730381989224RSA01/save_xml","2018-06-20","https://earthexplorer.usgs.gov/order/process?dataset_name=LANDSAT_TM_C1&ordered=LT51730381989224RSA01&node=INVSVC","FALSE","FALSE","Entity ID: LT05_L1TP_173038_19890812_20180112_01_T1, Acquisition Date: 12-AUG-89, Path: 173, Row: 38","LANDSAT_TM_C1","'source_metadata', 'l1', 'toa', 'bt', 'sr', 'sr_ndvi', 'sr_evi', 'sr_savi', 'sr_msavi', 'sr_ndmi', 'sr_nbr', 'sr_nbr2', 'stats', 'pixel_qa', 'stalg_single_channel', 'reanalsrc_narr', 'reanalsrc_merra2', 'reanalsrc_fp', 'reanalsrc_fpit'",0.680732944500438
"26","1990-01-19","1990:019:07:27:01.8244400","1990:019:07:27:28.6205600",173,38,0,0,"TM",9,"POLYGON ((35.69971 31.06075, 37.60834 30.78314, 38.0492 32.36272, 36.10899 32.64497, 35.69971 31.06075))","35.69971,30.78314,38.0492,32.64497","https://ims.cr.usgs.gov/browse/landsat_tm_c1/1990/173/038/LT05_L1TP_173038_19900119_20180208_01_T1.jpg","https://earthexplorer.usgs.gov/order/process?dataset_name=LANDSAT_TM_C1&ordered=LT51730381990019FUI00&node=INVSVC","https://earthexplorer.usgs.gov/download/external/options/LANDSAT_TM_C1/LT51730381990019FUI00/INVSVC/","LT51730381990019FUI00","LT05_L1TP_173038_19900119_20180208_01_T1","NULL","https://earthexplorer.usgs.gov/metadata/xml/12266/LT51730381990019FUI00/","https://earthexplorer.usgs.gov/fgdc/12266/LT51730381990019FUI00/save_xml","2018-06-20","https://earthexplorer.usgs.gov/order/process?dataset_name=LANDSAT_TM_C1&ordered=LT51730381990019FUI00&node=INVSVC","FALSE","FALSE","Entity ID: LT05_L1TP_173038_19900119_20180208_01_T1, Acquisition Date: 19-JAN-90, Path: 173, Row: 38","LANDSAT_TM_C1","'source_metadata', 'l1', 'toa', 'bt', 'sr', 'sr_ndvi', 'sr_evi', 'sr_savi', 'sr_msavi', 'sr_ndmi', 'sr_nbr', 'sr_nbr2', 'stats', 'pixel_qa', 'stalg_single_channel', 'reanalsrc_narr', 'reanalsrc_merra2', 'reanalsrc_fp', 'reanalsrc_fpit'",0
"27","1990-08-15","1990:227:07:24:40.1143100","1990:227:07:25:06.9321900",173,38,0,0,"TM",9,"POLYGON ((35.73758 31.10096, 37.64698 30.82324, 38.08814 32.40279, 36.1471 32.68516, 35.73758 31.10096))","35.73758,30.82324,38.08814,32.68516","https://ims.cr.usgs.gov/browse/landsat_tm_c1/1990/173/038/LT05_L1TP_173038_19900815_20171209_01_T1.jpg","https://earthexplorer.usgs.gov/order/process?dataset_name=LANDSAT_TM_C1&ordered=LT51730381990227RSA01&node=INVSVC","https://earthexplorer.usgs.gov/download/external/options/LANDSAT_TM_C1/LT51730381990227RSA01/INVSVC/","LT51730381990227RSA01","LT05_L1TP_173038_19900815_20171209_01_T1","NULL","https://earthexplorer.usgs.gov/metadata/xml/12266/LT51730381990227RSA01/","https://earthexplorer.usgs.gov/fgdc/12266/LT51730381990227RSA01/save_xml","2018-06-20","https://earthexplorer.usgs.gov/order/process?dataset_name=LANDSAT_TM_C1&ordered=LT51730381990227RSA01&node=INVSVC","FALSE","FALSE","Entity ID: LT05_L1TP_173038_19900815_20171209_01_T1, Acquisition Date: 15-AUG-90, Path: 173, Row: 38","LANDSAT_TM_C1","'source_metadata', 'l1', 'toa', 'bt', 'sr', 'sr_ndvi', 'sr_evi', 'sr_savi', 'sr_msavi', 'sr_ndmi', 'sr_nbr', 'sr_nbr2', 'stats', 'pixel_qa', 'stalg_single_channel', 'reanalsrc_narr', 'reanalsrc_merra2', 'reanalsrc_fp', 'reanalsrc_fpit'",1.20937763312241
"11","1991-01-06","1991:006:07:24:40.8806300","1991:006:07:25:07.7105600",173,38,8,8,"TM",7,"POLYGON ((35.72035 30.74735, 38.19837 30.78636, 38.18144 32.72953, 35.65125 32.68747, 35.72035 30.74735))","35.65125,30.74735,38.19837,32.72953","https://ims.cr.usgs.gov/browse/landsat_tm_c1/1991/173/038/LT05_L1TP_173038_19910106_20180710_01_T1.jpg","https://earthexplorer.usgs.gov/order/process?dataset_name=LANDSAT_TM_C1&ordered=LT51730381991006RSA00&node=INVSVC","https://earthexplorer.usgs.gov/download/external/options/LANDSAT_TM_C1/LT51730381991006RSA00/INVSVC/","LT51730381991006RSA00","LT05_L1TP_173038_19910106_20180710_01_T1","NULL","https://earthexplorer.usgs.gov/metadata/xml/12266/LT51730381991006RSA00/","https://earthexplorer.usgs.gov/fgdc/12266/LT51730381991006RSA00/save_xml","2018-07-09","https://earthexplorer.usgs.gov/order/process?dataset_name=LANDSAT_TM_C1&ordered=LT51730381991006RSA00&node=INVSVC","FALSE","FALSE","Entity ID: LT05_L1TP_173038_19910106_20180710_01_T1, Acquisition Date: 06-JAN-91, Path: 173, Row: 38","LANDSAT_TM_C1","'source_metadata', 'l1', 'toa', 'bt', 'sr', 'sr_ndvi', 'sr_evi', 'sr_savi', 'sr_msavi', 'sr_ndmi', 'sr_nbr', 'sr_nbr2', 'stats', 'pixel_qa', 'stalg_single_channel', 'reanalsrc_narr', 'reanalsrc_merra2', 'reanalsrc_fp', 'reanalsrc_fpit'",0
"12","1991-08-02","1991:214:07:28:09.8972500","1991:214:07:28:36.7421900",173,38,0,0,"TM",9,"POLYGON ((35.73304 31.06075, 37.64167 30.78314, 38.08253 32.36272, 36.14232 32.64497, 35.73304 31.06075))","35.73304,30.78314,38.08253,32.64497","https://ims.cr.usgs.gov/browse/landsat_tm_c1/1991/173/038/LT05_L1TP_173038_19910802_20180208_01_T1.jpg","https://earthexplorer.usgs.gov/order/process?dataset_name=LANDSAT_TM_C1&ordered=LT51730381991214FUI00&node=INVSVC","https://earthexplorer.usgs.gov/download/external/options/LANDSAT_TM_C1/LT51730381991214FUI00/INVSVC/","LT51730381991214FUI00","LT05_L1TP_173038_19910802_20180208_01_T1","NULL","https://earthexplorer.usgs.gov/metadata/xml/12266/LT51730381991214FUI00/","https://earthexplorer.usgs.gov/fgdc/12266/LT51730381991214FUI00/save_xml","2018-06-20","https://earthexplorer.usgs.gov/order/process?dataset_name=LANDSAT_TM_C1&ordered=LT51730381991214FUI00&node=INVSVC","FALSE","FALSE","Entity ID: LT05_L1TP_173038_19910802_20180208_01_T1, Acquisition Date: 02-AUG-91, Path: 173, Row: 38","LANDSAT_TM_C1","'source_metadata', 'l1', 'toa', 'bt', 'sr', 'sr_ndvi', 'sr_evi', 'sr_savi', 'sr_msavi', 'sr_ndmi', 'sr_nbr', 'sr_nbr2', 'stats', 'pixel_qa', 'stalg_single_channel', 'reanalsrc_narr', 'reanalsrc_merra2', 'reanalsrc_fp', 'reanalsrc_fpit'",0.57197645969715
"28","1992-01-25","1992:025:07:28:58.6174400","1992:025:07:29:25.4760000",173,38,0,0,"TM",9,"POLYGON ((35.71637 31.06075, 37.625 30.78314, 38.06586 32.36272, 36.12565 32.64497, 35.71637 31.06075))","35.71637,30.78314,38.06586,32.64497","https://ims.cr.usgs.gov/browse/landsat_tm_c1/1992/173/038/LT05_L1TP_173038_19920125_20180208_01_T1.jpg","https://earthexplorer.usgs.gov/order/process?dataset_name=LANDSAT_TM_C1&ordered=LT51730381992025FUI00&node=INVSVC","https://earthexplorer.usgs.gov/download/external/options/LANDSAT_TM_C1/LT51730381992025FUI00/INVSVC/","LT51730381992025FUI00","LT05_L1TP_173038_19920125_20180208_01_T1","NULL","https://earthexplorer.usgs.gov/metadata/xml/12266/LT51730381992025FUI00/","https://earthexplorer.usgs.gov/fgdc/12266/LT51730381992025FUI00/save_xml","2018-06-20","https://earthexplorer.usgs.gov/order/process?dataset_name=LANDSAT_TM_C1&ordered=LT51730381992025FUI00&node=INVSVC","FALSE","FALSE","Entity ID: LT05_L1TP_173038_19920125_20180208_01_T1, Acquisition Date: 25-JAN-92, Path: 173, Row: 38","LANDSAT_TM_C1","'source_metadata', 'l1', 'toa', 'bt', 'sr', 'sr_ndvi', 'sr_evi', 'sr_savi', 'sr_msavi', 'sr_ndmi', 'sr_nbr', 'sr_nbr2', 'stats', 'pixel_qa', 'stalg_single_channel', 'reanalsrc_narr', 'reanalsrc_merra2', 'reanalsrc_fp', 'reanalsrc_fpit'",0
"3","1992-08-20","1992:233:07:27:10.1027500","1992:233:07:27:36.9805000",173,38,0,0,"TM",7,"POLYGON ((35.71707 31.10901, 37.62663 30.83126, 38.06785 32.4108, 36.12664 32.6932, 35.71707 31.10901))","35.71707,30.83126,38.06785,32.6932","https://ims.cr.usgs.gov/browse/landsat_tm_c1/1992/173/038/LT05_L1TP_173038_19920820_20171214_01_T1.jpg","https://earthexplorer.usgs.gov/order/process?dataset_name=LANDSAT_TM_C1&ordered=LT51730381992233RSA00&node=INVSVC","https://earthexplorer.usgs.gov/download/external/options/LANDSAT_TM_C1/LT51730381992233RSA00/INVSVC/","LT51730381992233RSA00","LT05_L1TP_173038_19920820_20171214_01_T1","NULL","https://earthexplorer.usgs.gov/metadata/xml/12266/LT51730381992233RSA00/","https://earthexplorer.usgs.gov/fgdc/12266/LT51730381992233RSA00/save_xml","2018-06-20","https://earthexplorer.usgs.gov/order/process?dataset_name=LANDSAT_TM_C1&ordered=LT51730381992233RSA00&node=INVSVC","FALSE","FALSE","Entity ID: LT05_L1TP_173038_19920820_20171214_01_T1, Acquisition Date: 20-AUG-92, Path: 173, Row: 38","LANDSAT_TM_C1","'source_metadata', 'l1', 'toa', 'bt', 'sr', 'sr_ndvi', 'sr_evi', 'sr_savi', 'sr_msavi', 'sr_ndmi', 'sr_nbr', 'sr_nbr2', 'stats', 'pixel_qa', 'stalg_single_channel', 'reanalsrc_narr', 'reanalsrc_merra2', 'reanalsrc_fp', 'reanalsrc_fpit'",0.412133201450709
"29","1993-01-27","1993:027:07:26:27.2924400","1993:027:07:26:54.1837500",173,38,5,5,"TM",9,"POLYGON ((35.71106 30.74441, 38.19525 30.78363, 38.17824 32.72951, 35.64166 32.68722, 35.71106 30.74441))","35.64166,30.74441,38.19525,32.72951","https://ims.cr.usgs.gov/browse/landsat_tm_c1/1993/173/038/LT05_L1TP_173038_19930127_20180704_01_T1.jpg","https://earthexplorer.usgs.gov/order/process?dataset_name=LANDSAT_TM_C1&ordered=LT51730381993027RSA01&node=INVSVC","https://earthexplorer.usgs.gov/download/external/options/LANDSAT_TM_C1/LT51730381993027RSA01/INVSVC/","LT51730381993027RSA01","LT05_L1TP_173038_19930127_20180704_01_T1","NULL","https://earthexplorer.usgs.gov/metadata/xml/12266/LT51730381993027RSA01/","https://earthexplorer.usgs.gov/fgdc/12266/LT51730381993027RSA01/save_xml","2018-07-04","https://earthexplorer.usgs.gov/order/process?dataset_name=LANDSAT_TM_C1&ordered=LT51730381993027RSA01&node=INVSVC","FALSE","FALSE","Entity ID: LT05_L1TP_173038_19930127_20180704_01_T1, Acquisition Date: 27-JAN-93, Path: 173, Row: 38","LANDSAT_TM_C1","'source_metadata', 'l1', 'toa', 'bt', 'sr', 'sr_ndvi', 'sr_evi', 'sr_savi', 'sr_msavi', 'sr_ndmi', 'sr_nbr', 'sr_nbr2', 'stats', 'pixel_qa', 'stalg_single_channel', 'reanalsrc_narr', 'reanalsrc_merra2', 'reanalsrc_fp', 'reanalsrc_fpit'",0
"31","1993-08-23","1993:235:07:27:04.8673100","1993:235:07:27:31.7791300",173,38,0,0,"TM",9,"POLYGON ((35.73618 30.74234, 38.21095 30.78102, 38.19427 32.72691, 35.66732 32.6852, 35.73618 30.74234))","35.66732,30.74234,38.21095,32.72691","https://ims.cr.usgs.gov/browse/landsat_tm_c1/1993/173/038/LT05_L1TP_173038_19930823_20180827_01_T1.jpg","https://earthexplorer.usgs.gov/order/process?dataset_name=LANDSAT_TM_C1&ordered=LT51730381993235RSA01&node=INVSVC","https://earthexplorer.usgs.gov/download/external/options/LANDSAT_TM_C1/LT51730381993235RSA01/INVSVC/","LT51730381993235RSA01","LT05_L1TP_173038_19930823_20180827_01_T1","NULL","https://earthexplorer.usgs.gov/metadata/xml/12266/LT51730381993235RSA01/","https://earthexplorer.usgs.gov/fgdc/12266/LT51730381993235RSA01/save_xml","2018-08-27","https://earthexplorer.usgs.gov/order/process?dataset_name=LANDSAT_TM_C1&ordered=LT51730381993235RSA01&node=INVSVC","FALSE","FALSE","Entity ID: LT05_L1TP_173038_19930823_20180827_01_T1, Acquisition Date: 23-AUG-93, Path: 173, Row: 38","LANDSAT_TM_C1","'source_metadata', 'l1', 'toa', 'bt', 'sr', 'sr_ndvi', 'sr_evi', 'sr_savi', 'sr_msavi', 'sr_ndmi', 'sr_nbr', 'sr_nbr2', 'stats', 'pixel_qa', 'stalg_single_channel', 'reanalsrc_narr', 'reanalsrc_merra2', 'reanalsrc_fp', 'reanalsrc_fpit'",0
"210","1994-01-30","1994:030:07:25:55.0548100","1994:030:07:26:21.9835600",173,38,1,1,"TM",9,"POLYGON ((35.75705 31.09571, 37.66635 30.818, 38.10747 32.39756, 36.16654 32.67991, 35.75705 31.09571))","35.75705,30.818,38.10747,32.67991","https://ims.cr.usgs.gov/browse/landsat_tm_c1/1994/173/038/LT05_L1TP_173038_19940130_20171214_01_T1.jpg","https://earthexplorer.usgs.gov/order/process?dataset_name=LANDSAT_TM_C1&ordered=LT51730381994030RSA00&node=INVSVC","https://earthexplorer.usgs.gov/download/external/options/LANDSAT_TM_C1/LT51730381994030RSA00/INVSVC/","LT51730381994030RSA00","LT05_L1TP_173038_19940130_20171214_01_T1","NULL","https://earthexplorer.usgs.gov/metadata/xml/12266/LT51730381994030RSA00/","https://earthexplorer.usgs.gov/fgdc/12266/LT51730381994030RSA00/save_xml","2018-06-20","https://earthexplorer.usgs.gov/order/process?dataset_name=LANDSAT_TM_C1&ordered=LT51730381994030RSA00&node=INVSVC","FALSE","FALSE","Entity ID: LT05_L1TP_173038_19940130_20171214_01_T1, Acquisition Date: 30-JAN-94, Path: 173, Row: 38","LANDSAT_TM_C1","'source_metadata', 'l1', 'toa', 'bt', 'sr', 'sr_ndvi', 'sr_evi', 'sr_savi', 'sr_msavi', 'sr_ndmi', 'sr_nbr', 'sr_nbr2', 'stats', 'pixel_qa', 'stalg_single_channel', 'reanalsrc_narr', 'reanalsrc_merra2', 'reanalsrc_fp', 'reanalsrc_fpit'",0
"13","1994-08-10","1994:222:07:22:08.1655600","1994:222:07:22:35.1111300",173,38,0,0,"TM",9,"POLYGON ((35.69504 30.75482, 38.16695 30.79428, 38.1493 32.74285, 35.62518 32.70029, 35.69504 30.75482))","35.62518,30.75482,38.16695,32.74285","https://ims.cr.usgs.gov/browse/landsat_tm_c1/1994/173/038/LT05_L1TP_173038_19940810_20180629_01_T1.jpg","https://earthexplorer.usgs.gov/order/process?dataset_name=LANDSAT_TM_C1&ordered=LT51730381994222RSA00&node=INVSVC","https://earthexplorer.usgs.gov/download/external/options/LANDSAT_TM_C1/LT51730381994222RSA00/INVSVC/","LT51730381994222RSA00","LT05_L1TP_173038_19940810_20180629_01_T1","NULL","https://earthexplorer.usgs.gov/metadata/xml/12266/LT51730381994222RSA00/","https://earthexplorer.usgs.gov/fgdc/12266/LT51730381994222RSA00/save_xml","2018-06-28","https://earthexplorer.usgs.gov/order/process?dataset_name=LANDSAT_TM_C1&ordered=LT51730381994222RSA00&node=INVSVC","FALSE","FALSE","Entity ID: LT05_L1TP_173038_19940810_20180629_01_T1, Acquisition Date: 10-AUG-94, Path: 173, Row: 38","LANDSAT_TM_C1","'source_metadata', 'l1', 'toa', 'bt', 'sr', 'sr_ndvi', 'sr_evi', 'sr_savi', 'sr_msavi', 'sr_ndmi', 'sr_nbr', 'sr_nbr2', 'stats', 'pixel_qa', 'stalg_single_channel', 'reanalsrc_narr', 'reanalsrc_merra2', 'reanalsrc_fp', 'reanalsrc_fpit'",0
"14","1995-01-01","1995:001:07:17:46.4361200","1995:001:07:18:13.3930000",173,38,10,10,"TM",9,"POLYGON ((35.73304 31.06075, 37.64167 30.78314, 38.08253 32.36272, 36.14232 32.64497, 35.73304 31.06075))","35.73304,30.78314,38.08253,32.64497","https://ims.cr.usgs.gov/browse/landsat_tm_c1/1995/173/038/LT05_L1TP_173038_19950101_20180208_01_T1.jpg","https://earthexplorer.usgs.gov/order/process?dataset_name=LANDSAT_TM_C1&ordered=LT51730381995001FUI00&node=INVSVC","https://earthexplorer.usgs.gov/download/external/options/LANDSAT_TM_C1/LT51730381995001FUI00/INVSVC/","LT51730381995001FUI00","LT05_L1TP_173038_19950101_20180208_01_T1","NULL","https://earthexplorer.usgs.gov/metadata/xml/12266/LT51730381995001FUI00/","https://earthexplorer.usgs.gov/fgdc/12266/LT51730381995001FUI00/save_xml","2018-06-20","https://earthexplorer.usgs.gov/order/process?dataset_name=LANDSAT_TM_C1&ordered=LT51730381995001FUI00&node=INVSVC","FALSE","FALSE","Entity ID: LT05_L1TP_173038_19950101_20180208_01_T1, Acquisition Date: 01-JAN-95, Path: 173, Row: 38","LANDSAT_TM_C1","'source_metadata', 'l1', 'toa', 'bt', 'sr', 'sr_ndvi', 'sr_evi', 'sr_savi', 'sr_msavi', 'sr_ndmi', 'sr_nbr', 'sr_nbr2', 'stats', 'pixel_qa', 'stalg_single_channel', 'reanalsrc_narr', 'reanalsrc_merra2', 'reanalsrc_fp', 'reanalsrc_fpit'",0
"42","1995-08-29","1995:241:07:07:27.8948800","1995:241:07:07:54.8752500",173,38,0,0,"TM",9,"POLYGON ((35.64175 30.75615, 38.1293 30.79674, 38.11085 32.74529, 35.57076 32.70152, 35.64175 30.75615))","35.57076,30.75615,38.1293,32.74529","https://ims.cr.usgs.gov/browse/landsat_tm_c1/1995/173/038/LT05_L1TP_173038_19950829_20180613_01_T1.jpg","https://earthexplorer.usgs.gov/order/process?dataset_name=LANDSAT_TM_C1&ordered=LT51730381995241FUI00&node=INVSVC","https://earthexplorer.usgs.gov/download/external/options/LANDSAT_TM_C1/LT51730381995241FUI00/INVSVC/","LT51730381995241FUI00","LT05_L1TP_173038_19950829_20180613_01_T1","NULL","https://earthexplorer.usgs.gov/metadata/xml/12266/LT51730381995241FUI00/","https://earthexplorer.usgs.gov/fgdc/12266/LT51730381995241FUI00/save_xml","2018-06-20","https://earthexplorer.usgs.gov/order/process?dataset_name=LANDSAT_TM_C1&ordered=LT51730381995241FUI00&node=INVSVC","FALSE","FALSE","Entity ID: LT05_L1TP_173038_19950829_20180613_01_T1, Acquisition Date: 29-AUG-95, Path: 173, Row: 38","LANDSAT_TM_C1","'source_metadata', 'l1', 'toa', 'bt', 'sr', 'sr_ndvi', 'sr_evi', 'sr_savi', 'sr_msavi', 'sr_ndmi', 'sr_nbr', 'sr_nbr2', 'stats', 'pixel_qa', 'stalg_single_channel', 'reanalsrc_narr', 'reanalsrc_merra2', 'reanalsrc_fp', 'reanalsrc_fpit'",0
"15","1996-01-04","1996:004:07:07:11.7888100","1996:004:07:07:38.7783800",173,38,7,7,"TM",9,"POLYGON ((35.86659 31.04405, 37.7749 30.76649, 38.21563 32.34608, 36.27577 32.62828, 35.86659 31.04405))","35.86659,30.76649,38.21563,32.62828","https://ims.cr.usgs.gov/browse/landsat_tm_c1/1996/173/038/LT05_L1TP_173038_19960104_20180208_01_T1.jpg","https://earthexplorer.usgs.gov/order/process?dataset_name=LANDSAT_TM_C1&ordered=LT51730381996004FUI00&node=INVSVC","https://earthexplorer.usgs.gov/download/external/options/LANDSAT_TM_C1/LT51730381996004FUI00/INVSVC/","LT51730381996004FUI00","LT05_L1TP_173038_19960104_20180208_01_T1","NULL","https://earthexplorer.usgs.gov/metadata/xml/12266/LT51730381996004FUI00/","https://earthexplorer.usgs.gov/fgdc/12266/LT51730381996004FUI00/save_xml","2018-06-20","https://earthexplorer.usgs.gov/order/process?dataset_name=LANDSAT_TM_C1&ordered=LT51730381996004FUI00&node=INVSVC","FALSE","FALSE","Entity ID: LT05_L1TP_173038_19960104_20180208_01_T1, Acquisition Date: 04-JAN-96, Path: 173, Row: 38","LANDSAT_TM_C1","'source_metadata', 'l1', 'toa', 'bt', 'sr', 'sr_ndvi', 'sr_evi', 'sr_savi', 'sr_msavi', 'sr_ndmi', 'sr_nbr', 'sr_nbr2', 'stats', 'pixel_qa', 'stalg_single_channel', 'reanalsrc_narr', 'reanalsrc_merra2', 'reanalsrc_fp', 'reanalsrc_fpit'",0
"211","1996-08-15","1996:228:07:20:43.3405600","1996:228:07:21:10.3495600",173,38,0,0,"TM",9,"POLYGON ((35.88326 31.04405, 37.79157 30.76649, 38.2323 32.34608, 36.29244 32.62828, 35.88326 31.04405))","35.88326,30.76649,38.2323,32.62828","https://ims.cr.usgs.gov/browse/landsat_tm_c1/1996/173/038/LT05_L1TP_173038_19960815_20180208_01_T1.jpg","https://earthexplorer.usgs.gov/order/process?dataset_name=LANDSAT_TM_C1&ordered=LT51730381996228FUI00&node=INVSVC","https://earthexplorer.usgs.gov/download/external/options/LANDSAT_TM_C1/LT51730381996228FUI00/INVSVC/","LT51730381996228FUI00","LT05_L1TP_173038_19960815_20180208_01_T1","NULL","https://earthexplorer.usgs.gov/metadata/xml/12266/LT51730381996228FUI00/","https://earthexplorer.usgs.gov/fgdc/12266/LT51730381996228FUI00/save_xml","2018-06-20","https://earthexplorer.usgs.gov/order/process?dataset_name=LANDSAT_TM_C1&ordered=LT51730381996228FUI00&node=INVSVC","FALSE","FALSE","Entity ID: LT05_L1TP_173038_19960815_20180208_01_T1, Acquisition Date: 15-AUG-96, Path: 173, Row: 38","LANDSAT_TM_C1","'source_metadata', 'l1', 'toa', 'bt', 'sr', 'sr_ndvi', 'sr_evi', 'sr_savi', 'sr_msavi', 'sr_ndmi', 'sr_nbr', 'sr_nbr2', 'stats', 'pixel_qa', 'stalg_single_channel', 'reanalsrc_narr', 'reanalsrc_merra2', 'reanalsrc_fp', 'reanalsrc_fpit'",0.0770870920124651
"16","1997-01-06","1997:006:07:27:57.7998100","1997:006:07:28:24.8204400",173,38,23,23,"TM",9,"POLYGON ((35.84993 31.04405, 37.75824 30.76649, 38.19897 32.34608, 36.25911 32.62828, 35.84993 31.04405))","35.84993,30.76649,38.19897,32.62828","https://ims.cr.usgs.gov/browse/landsat_tm_c1/1997/173/038/LT05_L1TP_173038_19970106_20180208_01_T1.jpg","https://earthexplorer.usgs.gov/order/process?dataset_name=LANDSAT_TM_C1&ordered=LT51730381997006FUI00&node=INVSVC","https://earthexplorer.usgs.gov/download/external/options/LANDSAT_TM_C1/LT51730381997006FUI00/INVSVC/","LT51730381997006FUI00","LT05_L1TP_173038_19970106_20180208_01_T1","NULL","https://earthexplorer.usgs.gov/metadata/xml/12266/LT51730381997006FUI00/","https://earthexplorer.usgs.gov/fgdc/12266/LT51730381997006FUI00/save_xml","2018-06-20","https://earthexplorer.usgs.gov/order/process?dataset_name=LANDSAT_TM_C1&ordered=LT51730381997006FUI00&node=INVSVC","FALSE","FALSE","Entity ID: LT05_L1TP_173038_19970106_20180208_01_T1, Acquisition Date: 06-JAN-97, Path: 173, Row: 38","LANDSAT_TM_C1","'source_metadata', 'l1', 'toa', 'bt', 'sr', 'sr_ndvi', 'sr_evi', 'sr_savi', 'sr_msavi', 'sr_ndmi', 'sr_nbr', 'sr_nbr2', 'stats', 'pixel_qa', 'stalg_single_channel', 'reanalsrc_narr', 'reanalsrc_merra2', 'reanalsrc_fp', 'reanalsrc_fpit'",0.0180618042100424
"17","1997-08-02","1997:214:07:35:46.3150000","1997:214:07:36:13.3553800",173,38,0,0,"TM",9,"POLYGON ((35.83304 31.06075, 37.74167 30.78314, 38.18253 32.36272, 36.24232 32.64497, 35.83304 31.06075))","35.83304,30.78314,38.18253,32.64497","https://ims.cr.usgs.gov/browse/landsat_tm_c1/1997/173/038/LT05_L1TP_173038_19970802_20180208_01_T1.jpg","https://earthexplorer.usgs.gov/order/process?dataset_name=LANDSAT_TM_C1&ordered=LT51730381997214FUI00&node=INVSVC","https://earthexplorer.usgs.gov/download/external/options/LANDSAT_TM_C1/LT51730381997214FUI00/INVSVC/","LT51730381997214FUI00","LT05_L1TP_173038_19970802_20180208_01_T1","NULL","https://earthexplorer.usgs.gov/metadata/xml/12266/LT51730381997214FUI00/","https://earthexplorer.usgs.gov/fgdc/12266/LT51730381997214FUI00/save_xml","2018-06-20","https://earthexplorer.usgs.gov/order/process?dataset_name=LANDSAT_TM_C1&ordered=LT51730381997214FUI00&node=INVSVC","FALSE","FALSE","Entity ID: LT05_L1TP_173038_19970802_20180208_01_T1, Acquisition Date: 02-AUG-97, Path: 173, Row: 38","LANDSAT_TM_C1","'source_metadata', 'l1', 'toa', 'bt', 'sr', 'sr_ndvi', 'sr_evi', 'sr_savi', 'sr_msavi', 'sr_ndmi', 'sr_nbr', 'sr_nbr2', 'stats', 'pixel_qa', 'stalg_single_channel', 'reanalsrc_narr', 'reanalsrc_merra2', 'reanalsrc_fp', 'reanalsrc_fpit'",0.330065520468989
"18","1998-01-09","1998:009:07:40:02.9306200","1998:009:07:40:29.9805000",173,38,4,4,"TM",9,"POLYGON ((35.81637 31.06075, 37.725 30.78314, 38.16586 32.36272, 36.22565 32.64497, 35.81637 31.06075))","35.81637,30.78314,38.16586,32.64497","https://ims.cr.usgs.gov/browse/landsat_tm_c1/1998/173/038/LT05_L1TP_173038_19980109_20180208_01_T1.jpg","https://earthexplorer.usgs.gov/order/process?dataset_name=LANDSAT_TM_C1&ordered=LT51730381998009FUI00&node=INVSVC","https://earthexplorer.usgs.gov/download/external/options/LANDSAT_TM_C1/LT51730381998009FUI00/INVSVC/","LT51730381998009FUI00","LT05_L1TP_173038_19980109_20180208_01_T1","NULL","https://earthexplorer.usgs.gov/metadata/xml/12266/LT51730381998009FUI00/","https://earthexplorer.usgs.gov/fgdc/12266/LT51730381998009FUI00/save_xml","2018-06-20","https://earthexplorer.usgs.gov/order/process?dataset_name=LANDSAT_TM_C1&ordered=LT51730381998009FUI00&node=INVSVC","FALSE","FALSE","Entity ID: LT05_L1TP_173038_19980109_20180208_01_T1, Acquisition Date: 09-JAN-98, Path: 173, Row: 38","LANDSAT_TM_C1","'source_metadata', 'l1', 'toa', 'bt', 'sr', 'sr_ndvi', 'sr_evi', 'sr_savi', 'sr_msavi', 'sr_ndmi', 'sr_nbr', 'sr_nbr2', 'stats', 'pixel_qa', 'stalg_single_channel', 'reanalsrc_narr', 'reanalsrc_merra2', 'reanalsrc_fp', 'reanalsrc_fpit'",0
"19","1998-08-05","1998:217:07:43:03.3937500","1998:217:07:43:30.4641900",173,38,0,0,"TM",9,"POLYGON ((35.80939 31.08699, 37.71853 30.8093, 38.15958 32.38887, 36.21883 32.6712, 35.80939 31.08699))","35.80939,30.8093,38.15958,32.6712","https://ims.cr.usgs.gov/browse/landsat_tm_c1/1998/173/038/LT05_L1TP_173038_19980805_20161223_01_T1.jpg","https://earthexplorer.usgs.gov/order/process?dataset_name=LANDSAT_TM_C1&ordered=LT51730381998217XXX01&node=INVSVC","https://earthexplorer.usgs.gov/download/external/options/LANDSAT_TM_C1/LT51730381998217XXX01/INVSVC/","LT51730381998217XXX01","LT05_L1TP_173038_19980805_20161223_01_T1","NULL","https://earthexplorer.usgs.gov/metadata/xml/12266/LT51730381998217XXX01/","https://earthexplorer.usgs.gov/fgdc/12266/LT51730381998217XXX01/save_xml","2018-06-20","https://earthexplorer.usgs.gov/order/process?dataset_name=LANDSAT_TM_C1&ordered=LT51730381998217XXX01&node=INVSVC","FALSE","FALSE","Entity ID: LT05_L1TP_173038_19980805_20161223_01_T1, Acquisition Date: 05-AUG-98, Path: 173, Row: 38","LANDSAT_TM_C1","'source_metadata', 'l1', 'toa', 'bt', 'sr', 'sr_ndvi', 'sr_evi', 'sr_savi', 'sr_msavi', 'sr_ndmi', 'sr_nbr', 'sr_nbr2', 'stats', 'pixel_qa', 'stalg_single_channel', 'reanalsrc_narr', 'reanalsrc_merra2', 'reanalsrc_fp', 'reanalsrc_fpit'",0.745790554414784
"110","1999-01-12","1999:012:07:43:42.1723100","1999:012:07:44:09.2537500",173,38,0,0,"TM",9,"POLYGON ((35.79375 31.09157, 37.70297 30.81387, 38.14406 32.39343, 36.20322 32.67577, 35.79375 31.09157))","35.79375,30.81387,38.14406,32.67577","https://ims.cr.usgs.gov/browse/landsat_tm_c1/1999/173/038/LT05_L1TP_173038_19990112_20171215_01_T1.jpg","https://earthexplorer.usgs.gov/order/process?dataset_name=LANDSAT_TM_C1&ordered=LT51730381999012RSA00&node=INVSVC","https://earthexplorer.usgs.gov/download/external/options/LANDSAT_TM_C1/LT51730381999012RSA00/INVSVC/","LT51730381999012RSA00","LT05_L1TP_173038_19990112_20171215_01_T1","NULL","https://earthexplorer.usgs.gov/metadata/xml/12266/LT51730381999012RSA00/","https://earthexplorer.usgs.gov/fgdc/12266/LT51730381999012RSA00/save_xml","2018-06-20","https://earthexplorer.usgs.gov/order/process?dataset_name=LANDSAT_TM_C1&ordered=LT51730381999012RSA00&node=INVSVC","FALSE","FALSE","Entity ID: LT05_L1TP_173038_19990112_20171215_01_T1, Acquisition Date: 12-JAN-99, Path: 173, Row: 38","LANDSAT_TM_C1","'source_metadata', 'l1', 'toa', 'bt', 'sr', 'sr_ndvi', 'sr_evi', 'sr_savi', 'sr_msavi', 'sr_ndmi', 'sr_nbr', 'sr_nbr2', 'stats', 'pixel_qa', 'stalg_single_channel', 'reanalsrc_narr', 'reanalsrc_merra2', 'reanalsrc_fp', 'reanalsrc_fpit'",0
"32","1999-08-08","1999:220:07:42:22.9581200","1999:220:07:42:50.0516900",173,38,0,0,"TM",9,"POLYGON ((35.68304 31.06075, 37.59167 30.78314, 38.03253 32.36272, 36.09232 32.64497, 35.68304 31.06075))","35.68304,30.78314,38.03253,32.64497","https://ims.cr.usgs.gov/browse/landsat_tm_c1/1999/173/038/LT05_L1TP_173038_19990808_20180208_01_T1.jpg","https://earthexplorer.usgs.gov/order/process?dataset_name=LANDSAT_TM_C1&ordered=LT51730381999220FUI00&node=INVSVC","https://earthexplorer.usgs.gov/download/external/options/LANDSAT_TM_C1/LT51730381999220FUI00/INVSVC/","LT51730381999220FUI00","LT05_L1TP_173038_19990808_20180208_01_T1","NULL","https://earthexplorer.usgs.gov/metadata/xml/12266/LT51730381999220FUI00/","https://earthexplorer.usgs.gov/fgdc/12266/LT51730381999220FUI00/save_xml","2018-06-20","https://earthexplorer.usgs.gov/order/process?dataset_name=LANDSAT_TM_C1&ordered=LT51730381999220FUI00&node=INVSVC","FALSE","FALSE","Entity ID: LT05_L1TP_173038_19990808_20180208_01_T1, Acquisition Date: 08-AUG-99, Path: 173, Row: 38","LANDSAT_TM_C1","'source_metadata', 'l1', 'toa', 'bt', 'sr', 'sr_ndvi', 'sr_evi', 'sr_savi', 'sr_msavi', 'sr_ndmi', 'sr_nbr', 'sr_nbr2', 'stats', 'pixel_qa', 'stalg_single_channel', 'reanalsrc_narr', 'reanalsrc_merra2', 'reanalsrc_fp', 'reanalsrc_fpit'",0.828729281767956
"43","2000-01-31","2000:031:07:39:03.1546300","2000:031:07:39:30.2558100",173,38,1,1,"TM",9,"POLYGON ((35.66583 31.11109, 37.57543 30.83334, 38.01666 32.41288, 36.07541 32.69528, 35.66583 31.11109))","35.66583,30.83334,38.01666,32.69528","https://ims.cr.usgs.gov/browse/landsat_tm_c1/2000/173/038/LT05_L1TP_173038_20000131_20171211_01_T1.jpg","https://earthexplorer.usgs.gov/order/process?dataset_name=LANDSAT_TM_C1&ordered=LT51730382000031FUI00&node=INVSVC","https://earthexplorer.usgs.gov/download/external/options/LANDSAT_TM_C1/LT51730382000031FUI00/INVSVC/","LT51730382000031FUI00","LT05_L1TP_173038_20000131_20171211_01_T1","NULL","https://earthexplorer.usgs.gov/metadata/xml/12266/LT51730382000031FUI00/","https://earthexplorer.usgs.gov/fgdc/12266/LT51730382000031FUI00/save_xml","2018-06-20","https://earthexplorer.usgs.gov/order/process?dataset_name=LANDSAT_TM_C1&ordered=LT51730382000031FUI00&node=INVSVC","FALSE","FALSE","Entity ID: LT05_L1TP_173038_20000131_20171211_01_T1, Acquisition Date: 31-JAN-00, Path: 173, Row: 38","LANDSAT_TM_C1","'source_metadata', 'l1', 'toa', 'bt', 'sr', 'sr_ndvi', 'sr_evi', 'sr_savi', 'sr_msavi', 'sr_ndmi', 'sr_nbr', 'sr_nbr2', 'stats', 'pixel_qa', 'stalg_single_channel', 'reanalsrc_narr', 'reanalsrc_merra2', 'reanalsrc_fp', 'reanalsrc_fpit'",0
"33","2000-08-10","2000:223:07:42:11.3076300","2000:223:07:42:38.4202500",173,38,0,0,"TM",9,"POLYGON ((35.75903 31.10066, 37.66843 30.82294, 38.10959 32.40249, 36.16855 32.68486, 35.75903 31.10066))","35.75903,30.82294,38.10959,32.68486","https://ims.cr.usgs.gov/browse/landsat_tm_c1/2000/173/038/LT05_L1TP_173038_20000810_20171212_01_T1.jpg","https://earthexplorer.usgs.gov/order/process?dataset_name=LANDSAT_TM_C1&ordered=LT51730382000223FUI00&node=INVSVC","https://earthexplorer.usgs.gov/download/external/options/LANDSAT_TM_C1/LT51730382000223FUI00/INVSVC/","LT51730382000223FUI00","LT05_L1TP_173038_20000810_20171212_01_T1","NULL","https://earthexplorer.usgs.gov/metadata/xml/12266/LT51730382000223FUI00/","https://earthexplorer.usgs.gov/fgdc/12266/LT51730382000223FUI00/save_xml","2018-06-20","https://earthexplorer.usgs.gov/order/process?dataset_name=LANDSAT_TM_C1&ordered=LT51730382000223FUI00&node=INVSVC","FALSE","FALSE","Entity ID: LT05_L1TP_173038_20000810_20171212_01_T1, Acquisition Date: 10-AUG-00, Path: 173, Row: 38","LANDSAT_TM_C1","'source_metadata', 'l1', 'toa', 'bt', 'sr', 'sr_ndvi', 'sr_evi', 'sr_savi', 'sr_msavi', 'sr_ndmi', 'sr_nbr', 'sr_nbr2', 'stats', 'pixel_qa', 'stalg_single_channel', 'reanalsrc_narr', 'reanalsrc_merra2', 'reanalsrc_fp', 'reanalsrc_fpit'",0.510505581089954
"212","2001-01-01","2001:001:07:44:23.5172500","2001:001:07:44:50.6355600",173,38,0,0,"TM",9,"POLYGON ((35.66697 30.7514, 38.15129 30.79147, 38.13321 32.75086, 35.59612 32.70762, 35.66697 30.7514))","35.59612,30.7514,38.15129,32.75086","https://ims.cr.usgs.gov/browse/landsat_tm_c1/2001/173/038/LT05_L1TP_173038_20010101_20180911_01_T1.jpg","https://earthexplorer.usgs.gov/order/process?dataset_name=LANDSAT_TM_C1&ordered=LT51730382001001RSA01&node=INVSVC","https://earthexplorer.usgs.gov/download/external/options/LANDSAT_TM_C1/LT51730382001001RSA01/INVSVC/","LT51730382001001RSA01","LT05_L1TP_173038_20010101_20180911_01_T1","NULL","https://earthexplorer.usgs.gov/metadata/xml/12266/LT51730382001001RSA01/","https://earthexplorer.usgs.gov/fgdc/12266/LT51730382001001RSA01/save_xml","2018-09-11","https://earthexplorer.usgs.gov/order/process?dataset_name=LANDSAT_TM_C1&ordered=LT51730382001001RSA01&node=INVSVC","FALSE","FALSE","Entity ID: LT05_L1TP_173038_20010101_20180911_01_T1, Acquisition Date: 01-JAN-01, Path: 173, Row: 38","LANDSAT_TM_C1","'source_metadata', 'l1', 'toa', 'bt', 'sr', 'sr_ndvi', 'sr_evi', 'sr_savi', 'sr_msavi', 'sr_ndmi', 'sr_nbr', 'sr_nbr2', 'stats', 'pixel_qa', 'stalg_single_channel', 'reanalsrc_narr', 'reanalsrc_merra2', 'reanalsrc_fp', 'reanalsrc_fpit'",0
"111","2001-08-13","2001:225:07:45:00.2812500","2001:225:07:45:27.4123800",173,38,0,0,"TM",9,"POLYGON ((35.71418 31.1016, 37.6236 30.82388, 38.06476 32.40343, 36.1237 32.6858, 35.71418 31.1016))","35.71418,30.82388,38.06476,32.6858","https://ims.cr.usgs.gov/browse/landsat_tm_c1/2001/173/038/LT05_L1TP_173038_20010813_20170907_01_T1.jpg","https://earthexplorer.usgs.gov/order/process?dataset_name=LANDSAT_TM_C1&ordered=LT51730382001225RSA01&node=INVSVC","https://earthexplorer.usgs.gov/download/external/options/LANDSAT_TM_C1/LT51730382001225RSA01/INVSVC/","LT51730382001225RSA01","LT05_L1TP_173038_20010813_20170907_01_T1","NULL","https://earthexplorer.usgs.gov/metadata/xml/12266/LT51730382001225RSA01/","https://earthexplorer.usgs.gov/fgdc/12266/LT51730382001225RSA01/save_xml","2018-06-20","https://earthexplorer.usgs.gov/order/process?dataset_name=LANDSAT_TM_C1&ordered=LT51730382001225RSA01&node=INVSVC","FALSE","FALSE","Entity ID: LT05_L1TP_173038_20010813_20170907_01_T1, Acquisition Date: 13-AUG-01, Path: 173, Row: 38","LANDSAT_TM_C1","'source_metadata', 'l1', 'toa', 'bt', 'sr', 'sr_ndvi', 'sr_evi', 'sr_savi', 'sr_msavi', 'sr_ndmi', 'sr_nbr', 'sr_nbr2', 'stats', 'pixel_qa', 'stalg_single_channel', 'reanalsrc_narr', 'reanalsrc_merra2', 'reanalsrc_fp', 'reanalsrc_fpit'",1.32803650869215
"44","2002-01-04","2002:004:07:43:44.4752500","2002:004:07:44:11.6182500",173,38,0,0,"TM",9,"POLYGON ((35.74195 31.09571, 37.65125 30.818, 38.09237 32.39756, 36.15144 32.67991, 35.74195 31.09571))","35.74195,30.818,38.09237,32.67991","https://ims.cr.usgs.gov/browse/landsat_tm_c1/2002/173/038/LT05_L1TP_173038_20020104_20161209_01_T1.jpg","https://earthexplorer.usgs.gov/order/process?dataset_name=LANDSAT_TM_C1&ordered=LT51730382002004MTI00&node=INVSVC","https://earthexplorer.usgs.gov/download/external/options/LANDSAT_TM_C1/LT51730382002004MTI00/INVSVC/","LT51730382002004MTI00","LT05_L1TP_173038_20020104_20161209_01_T1","NULL","https://earthexplorer.usgs.gov/metadata/xml/12266/LT51730382002004MTI00/","https://earthexplorer.usgs.gov/fgdc/12266/LT51730382002004MTI00/save_xml","2018-06-20","https://earthexplorer.usgs.gov/order/process?dataset_name=LANDSAT_TM_C1&ordered=LT51730382002004MTI00&node=INVSVC","FALSE","FALSE","Entity ID: LT05_L1TP_173038_20020104_20161209_01_T1, Acquisition Date: 04-JAN-02, Path: 173, Row: 38","LANDSAT_TM_C1","'source_metadata', 'l1', 'toa', 'bt', 'sr', 'sr_ndvi', 'sr_evi', 'sr_savi', 'sr_msavi', 'sr_ndmi', 'sr_nbr', 'sr_nbr2', 'stats', 'pixel_qa', 'stalg_single_channel', 'reanalsrc_narr', 'reanalsrc_merra2', 'reanalsrc_fp', 'reanalsrc_fpit'",0
"112","2003-08-03","2003:215:07:41:27.7327500","2003:215:07:41:54.3456900",173,38,0,0,"TM",9,"POLYGON ((35.77913 31.09492, 37.68842 30.81721, 38.12953 32.39677, 36.18861 32.67912, 35.77913 31.09492))","35.77913,30.81721,38.12953,32.67912","https://ims.cr.usgs.gov/browse/landsat_tm_c1/2003/173/038/LT05_L1TP_173038_20030803_20161205_01_T1.jpg","https://earthexplorer.usgs.gov/order/process?dataset_name=LANDSAT_TM_C1&ordered=LT51730382003215MTI01&node=INVSVC","https://earthexplorer.usgs.gov/download/external/options/LANDSAT_TM_C1/LT51730382003215MTI01/INVSVC/","LT51730382003215MTI01","LT05_L1TP_173038_20030803_20161205_01_T1","NULL","https://earthexplorer.usgs.gov/metadata/xml/12266/LT51730382003215MTI01/","https://earthexplorer.usgs.gov/fgdc/12266/LT51730382003215MTI01/save_xml","2018-06-20","https://earthexplorer.usgs.gov/order/process?dataset_name=LANDSAT_TM_C1&ordered=LT51730382003215MTI01&node=INVSVC","FALSE","FALSE","Entity ID: LT05_L1TP_173038_20030803_20161205_01_T1, Acquisition Date: 03-AUG-03, Path: 173, Row: 38","LANDSAT_TM_C1","'source_metadata', 'l1', 'toa', 'bt', 'sr', 'sr_ndvi', 'sr_evi', 'sr_savi', 'sr_msavi', 'sr_ndmi', 'sr_nbr', 'sr_nbr2', 'stats', 'pixel_qa', 'stalg_single_channel', 'reanalsrc_narr', 'reanalsrc_merra2', 'reanalsrc_fp', 'reanalsrc_fpit'",0
"113","2004-01-10","2004:010:07:43:28.2438100","2004:010:07:43:54.8567500",173,38,56,56,"TM",9,"POLYGON ((35.76295 31.09746, 37.67229 30.81974, 38.11342 32.39929, 36.17245 32.68166, 35.76295 31.09746))","35.76295,30.81974,38.11342,32.68166","https://ims.cr.usgs.gov/browse/landsat_tm_c1/2004/173/038/LT05_L1TP_173038_20040110_20180310_01_T1.jpg","https://earthexplorer.usgs.gov/order/process?dataset_name=LANDSAT_TM_C1&ordered=LT51730382004010MTI00&node=INVSVC","https://earthexplorer.usgs.gov/download/external/options/LANDSAT_TM_C1/LT51730382004010MTI00/INVSVC/","LT51730382004010MTI00","LT05_L1TP_173038_20040110_20180310_01_T1","NULL","https://earthexplorer.usgs.gov/metadata/xml/12266/LT51730382004010MTI00/","https://earthexplorer.usgs.gov/fgdc/12266/LT51730382004010MTI00/save_xml","2018-06-20","https://earthexplorer.usgs.gov/order/process?dataset_name=LANDSAT_TM_C1&ordered=LT51730382004010MTI00&node=INVSVC","FALSE","FALSE","Entity ID: LT05_L1TP_173038_20040110_20180310_01_T1, Acquisition Date: 10-JAN-04, Path: 173, Row: 38","LANDSAT_TM_C1","'source_metadata', 'l1', 'toa', 'bt', 'sr', 'sr_ndvi', 'sr_evi', 'sr_savi', 'sr_msavi', 'sr_ndmi', 'sr_nbr', 'sr_nbr2', 'stats', 'pixel_qa', 'stalg_single_channel', 'reanalsrc_narr', 'reanalsrc_merra2', 'reanalsrc_fp', 'reanalsrc_fpit'",0.0979789760366674
"34","2004-08-05","2004:218:07:47:28.3257500","2004:218:07:47:54.9386900",173,38,2,2,"TM",9,"POLYGON ((35.81079 31.08241, 37.71984 30.80474, 38.16086 32.38431, 36.2202 32.66662, 35.81079 31.08241))","35.81079,30.80474,38.16086,32.66662","https://ims.cr.usgs.gov/browse/landsat_tm_c1/2004/173/038/LT05_L1TP_173038_20040805_20180310_01_T1.jpg","https://earthexplorer.usgs.gov/order/process?dataset_name=LANDSAT_TM_C1&ordered=LT51730382004218MTI00&node=INVSVC","https://earthexplorer.usgs.gov/download/external/options/LANDSAT_TM_C1/LT51730382004218MTI00/INVSVC/","LT51730382004218MTI00","LT05_L1TP_173038_20040805_20180310_01_T1","NULL","https://earthexplorer.usgs.gov/metadata/xml/12266/LT51730382004218MTI00/","https://earthexplorer.usgs.gov/fgdc/12266/LT51730382004218MTI00/save_xml","2018-06-20","https://earthexplorer.usgs.gov/order/process?dataset_name=LANDSAT_TM_C1&ordered=LT51730382004218MTI00&node=INVSVC","FALSE","FALSE","Entity ID: LT05_L1TP_173038_20040805_20180310_01_T1, Acquisition Date: 05-AUG-04, Path: 173, Row: 38","LANDSAT_TM_C1","'source_metadata', 'l1', 'toa', 'bt', 'sr', 'sr_ndvi', 'sr_evi', 'sr_savi', 'sr_msavi', 'sr_ndmi', 'sr_nbr', 'sr_nbr2', 'stats', 'pixel_qa', 'stalg_single_channel', 'reanalsrc_narr', 'reanalsrc_merra2', 'reanalsrc_fp', 'reanalsrc_fpit'",0
"213","2005-01-28","2005:028:07:50:58.2811900","2005:028:07:51:24.8941300",173,38,0,0,"TM",9,"POLYGON ((35.79416 31.09148, 37.70338 30.81378, 38.14447 32.39334, 36.20363 32.67568, 35.79416 31.09148))","35.79416,30.81378,38.14447,32.67568","https://ims.cr.usgs.gov/browse/landsat_tm_c1/2005/173/038/LT05_L1TP_173038_20050128_20180128_01_T1.jpg","https://earthexplorer.usgs.gov/order/process?dataset_name=LANDSAT_TM_C1&ordered=LT51730382005028MTI00&node=INVSVC","https://earthexplorer.usgs.gov/download/external/options/LANDSAT_TM_C1/LT51730382005028MTI00/INVSVC/","LT51730382005028MTI00","LT05_L1TP_173038_20050128_20180128_01_T1","NULL","https://earthexplorer.usgs.gov/metadata/xml/12266/LT51730382005028MTI00/","https://earthexplorer.usgs.gov/fgdc/12266/LT51730382005028MTI00/save_xml","2018-06-20","https://earthexplorer.usgs.gov/order/process?dataset_name=LANDSAT_TM_C1&ordered=LT51730382005028MTI00&node=INVSVC","FALSE","FALSE","Entity ID: LT05_L1TP_173038_20050128_20180128_01_T1, Acquisition Date: 28-JAN-05, Path: 173, Row: 38","LANDSAT_TM_C1","'source_metadata', 'l1', 'toa', 'bt', 'sr', 'sr_ndvi', 'sr_evi', 'sr_savi', 'sr_msavi', 'sr_ndmi', 'sr_nbr', 'sr_nbr2', 'stats', 'pixel_qa', 'stalg_single_channel', 'reanalsrc_narr', 'reanalsrc_merra2', 'reanalsrc_fp', 'reanalsrc_fpit'",0
"214","2005-08-08","2005:220:07:52:41.6838800","2005:220:07:53:08.2968100",173,38,12,12,"TM",9,"POLYGON ((35.72816 31.10087, 37.63756 30.82315, 38.07872 32.4027, 36.13768 32.68507, 35.72816 31.10087))","35.72816,30.82315,38.07872,32.68507","https://ims.cr.usgs.gov/browse/landsat_tm_c1/2005/173/038/LT05_L1TP_173038_20050808_20180126_01_T1.jpg","https://earthexplorer.usgs.gov/order/process?dataset_name=LANDSAT_TM_C1&ordered=LT51730382005220MTI00&node=INVSVC","https://earthexplorer.usgs.gov/download/external/options/LANDSAT_TM_C1/LT51730382005220MTI00/INVSVC/","LT51730382005220MTI00","LT05_L1TP_173038_20050808_20180126_01_T1","NULL","https://earthexplorer.usgs.gov/metadata/xml/12266/LT51730382005220MTI00/","https://earthexplorer.usgs.gov/fgdc/12266/LT51730382005220MTI00/save_xml","2018-06-20","https://earthexplorer.usgs.gov/order/process?dataset_name=LANDSAT_TM_C1&ordered=LT51730382005220MTI00&node=INVSVC","FALSE","FALSE","Entity ID: LT05_L1TP_173038_20050808_20180126_01_T1, Acquisition Date: 08-AUG-05, Path: 173, Row: 38","LANDSAT_TM_C1","'source_metadata', 'l1', 'toa', 'bt', 'sr', 'sr_ndvi', 'sr_evi', 'sr_savi', 'sr_msavi', 'sr_ndmi', 'sr_nbr', 'sr_nbr2', 'stats', 'pixel_qa', 'stalg_single_channel', 'reanalsrc_narr', 'reanalsrc_merra2', 'reanalsrc_fp', 'reanalsrc_fpit'",0
"35","2006-01-31","2006:031:07:54:52.9573800","2006:031:07:55:19.5702500",173,38,28,28,"TM",9,"POLYGON ((35.83006 31.07893, 37.73904 30.80126, 38.18003 32.38083, 36.23944 32.66314, 35.83006 31.07893))","35.83006,30.80126,38.18003,32.66314","https://ims.cr.usgs.gov/browse/landsat_tm_c1/2006/173/038/LT05_L1TP_173038_20060131_20180310_01_T1.jpg","https://earthexplorer.usgs.gov/order/process?dataset_name=LANDSAT_TM_C1&ordered=LT51730382006031MTI00&node=INVSVC","https://earthexplorer.usgs.gov/download/external/options/LANDSAT_TM_C1/LT51730382006031MTI00/INVSVC/","LT51730382006031MTI00","LT05_L1TP_173038_20060131_20180310_01_T1","NULL","https://earthexplorer.usgs.gov/metadata/xml/12266/LT51730382006031MTI00/","https://earthexplorer.usgs.gov/fgdc/12266/LT51730382006031MTI00/save_xml","2018-06-20","https://earthexplorer.usgs.gov/order/process?dataset_name=LANDSAT_TM_C1&ordered=LT51730382006031MTI00&node=INVSVC","FALSE","FALSE","Entity ID: LT05_L1TP_173038_20060131_20180310_01_T1, Acquisition Date: 31-JAN-06, Path: 173, Row: 38","LANDSAT_TM_C1","'source_metadata', 'l1', 'toa', 'bt', 'sr', 'sr_ndvi', 'sr_evi', 'sr_savi', 'sr_msavi', 'sr_ndmi', 'sr_nbr', 'sr_nbr2', 'stats', 'pixel_qa', 'stalg_single_channel', 'reanalsrc_narr', 'reanalsrc_merra2', 'reanalsrc_fp', 'reanalsrc_fpit'",0
"114","2006-08-11","2006:223:07:58:04.5620000","2006:223:07:58:31.1751300",173,38,0,0,"TM",9,"POLYGON ((35.78996 31.09022, 37.69916 30.81252, 38.14023 32.39208, 36.19942 32.67442, 35.78996 31.09022))","35.78996,30.81252,38.14023,32.67442","https://ims.cr.usgs.gov/browse/landsat_tm_c1/2006/173/038/LT05_L1TP_173038_20060811_20180309_01_T1.jpg","https://earthexplorer.usgs.gov/order/process?dataset_name=LANDSAT_TM_C1&ordered=LT51730382006223MTI01&node=INVSVC","https://earthexplorer.usgs.gov/download/external/options/LANDSAT_TM_C1/LT51730382006223MTI01/INVSVC/","LT51730382006223MTI01","LT05_L1TP_173038_20060811_20180309_01_T1","NULL","https://earthexplorer.usgs.gov/metadata/xml/12266/LT51730382006223MTI01/","https://earthexplorer.usgs.gov/fgdc/12266/LT51730382006223MTI01/save_xml","2018-06-20","https://earthexplorer.usgs.gov/order/process?dataset_name=LANDSAT_TM_C1&ordered=LT51730382006223MTI01&node=INVSVC","FALSE","FALSE","Entity ID: LT05_L1TP_173038_20060811_20180309_01_T1, Acquisition Date: 11-AUG-06, Path: 173, Row: 38","LANDSAT_TM_C1","'source_metadata', 'l1', 'toa', 'bt', 'sr', 'sr_ndvi', 'sr_evi', 'sr_savi', 'sr_msavi', 'sr_ndmi', 'sr_nbr', 'sr_nbr2', 'stats', 'pixel_qa', 'stalg_single_channel', 'reanalsrc_narr', 'reanalsrc_merra2', 'reanalsrc_fp', 'reanalsrc_fpit'",0
"36","2007-01-02","2007:002:07:59:29.4023800","2007:002:07:59:56.0151900",173,38,6,6,"TM",9,"POLYGON ((35.69551 31.10857, 37.60506 30.83082, 38.04628 32.41036, 36.10508 32.69276, 35.69551 31.10857))","35.69551,30.83082,38.04628,32.69276","https://ims.cr.usgs.gov/browse/landsat_tm_c1/2007/173/038/LT05_L1TP_173038_20070102_20180123_01_T1.jpg","https://earthexplorer.usgs.gov/order/process?dataset_name=LANDSAT_TM_C1&ordered=LT51730382007002MTI00&node=INVSVC","https://earthexplorer.usgs.gov/download/external/options/LANDSAT_TM_C1/LT51730382007002MTI00/INVSVC/","LT51730382007002MTI00","LT05_L1TP_173038_20070102_20180123_01_T1","NULL","https://earthexplorer.usgs.gov/metadata/xml/12266/LT51730382007002MTI00/","https://earthexplorer.usgs.gov/fgdc/12266/LT51730382007002MTI00/save_xml","2018-06-20","https://earthexplorer.usgs.gov/order/process?dataset_name=LANDSAT_TM_C1&ordered=LT51730382007002MTI00&node=INVSVC","FALSE","FALSE","Entity ID: LT05_L1TP_173038_20070102_20180123_01_T1, Acquisition Date: 02-JAN-07, Path: 173, Row: 38","LANDSAT_TM_C1","'source_metadata', 'l1', 'toa', 'bt', 'sr', 'sr_ndvi', 'sr_evi', 'sr_savi', 'sr_msavi', 'sr_ndmi', 'sr_nbr', 'sr_nbr2', 'stats', 'pixel_qa', 'stalg_single_channel', 'reanalsrc_narr', 'reanalsrc_merra2', 'reanalsrc_fp', 'reanalsrc_fpit'",0
"115","2007-08-30","2007:242:07:57:53.0343800","2007:242:07:58:19.6473800",173,38,0,0,"TM",9,"POLYGON ((35.81295 31.08811, 37.7221 30.81042, 38.16317 32.38998, 36.22239 32.67232, 35.81295 31.08811))","35.81295,30.81042,38.16317,32.67232","https://ims.cr.usgs.gov/browse/landsat_tm_c1/2007/173/038/LT05_L1TP_173038_20070830_20180123_01_T1.jpg","https://earthexplorer.usgs.gov/order/process?dataset_name=LANDSAT_TM_C1&ordered=LT51730382007242MTI01&node=INVSVC","https://earthexplorer.usgs.gov/download/external/options/LANDSAT_TM_C1/LT51730382007242MTI01/INVSVC/","LT51730382007242MTI01","LT05_L1TP_173038_20070830_20180123_01_T1","NULL","https://earthexplorer.usgs.gov/metadata/xml/12266/LT51730382007242MTI01/","https://earthexplorer.usgs.gov/fgdc/12266/LT51730382007242MTI01/save_xml","2018-06-20","https://earthexplorer.usgs.gov/order/process?dataset_name=LANDSAT_TM_C1&ordered=LT51730382007242MTI01&node=INVSVC","FALSE","FALSE","Entity ID: LT05_L1TP_173038_20070830_20180123_01_T1, Acquisition Date: 30-AUG-07, Path: 173, Row: 38","LANDSAT_TM_C1","'source_metadata', 'l1', 'toa', 'bt', 'sr', 'sr_ndvi', 'sr_evi', 'sr_savi', 'sr_msavi', 'sr_ndmi', 'sr_nbr', 'sr_nbr2', 'stats', 'pixel_qa', 'stalg_single_channel', 'reanalsrc_narr', 'reanalsrc_merra2', 'reanalsrc_fp', 'reanalsrc_fpit'",0
"215","2008-08-16","2008:229:07:50:35.3831300","2008:229:07:51:01.9960600",173,38,0,0,"TM",9,"POLYGON ((35.74476 31.10203, 37.65418 30.82431, 38.09535 32.40386, 36.15428 32.68623, 35.74476 31.10203))","35.74476,30.82431,38.09535,32.68623","https://ims.cr.usgs.gov/browse/landsat_tm_c1/2008/173/038/LT05_L1TP_173038_20080816_20180113_01_T1.jpg","https://earthexplorer.usgs.gov/order/process?dataset_name=LANDSAT_TM_C1&ordered=LT51730382008229MTI00&node=INVSVC","https://earthexplorer.usgs.gov/download/external/options/LANDSAT_TM_C1/LT51730382008229MTI00/INVSVC/","LT51730382008229MTI00","LT05_L1TP_173038_20080816_20180113_01_T1","NULL","https://earthexplorer.usgs.gov/metadata/xml/12266/LT51730382008229MTI00/","https://earthexplorer.usgs.gov/fgdc/12266/LT51730382008229MTI00/save_xml","2018-06-20","https://earthexplorer.usgs.gov/order/process?dataset_name=LANDSAT_TM_C1&ordered=LT51730382008229MTI00&node=INVSVC","FALSE","FALSE","Entity ID: LT05_L1TP_173038_20080816_20180113_01_T1, Acquisition Date: 16-AUG-08, Path: 173, Row: 38","LANDSAT_TM_C1","'source_metadata', 'l1', 'toa', 'bt', 'sr', 'sr_ndvi', 'sr_evi', 'sr_savi', 'sr_msavi', 'sr_ndmi', 'sr_nbr', 'sr_nbr2', 'stats', 'pixel_qa', 'stalg_single_channel', 'reanalsrc_narr', 'reanalsrc_merra2', 'reanalsrc_fp', 'reanalsrc_fpit'",0
"45","2009-01-07","2009:007:07:49:33.3608100","2009:007:07:49:59.9735600",173,38,0,0,"TM",9,"POLYGON ((35.83833 31.08322, 37.74739 30.80555, 38.18842 32.38511, 36.24774 32.66743, 35.83833 31.08322))","35.83833,30.80555,38.18842,32.66743","https://ims.cr.usgs.gov/browse/landsat_tm_c1/2009/173/038/LT05_L1TP_173038_20090107_20180309_01_T1.jpg","https://earthexplorer.usgs.gov/order/process?dataset_name=LANDSAT_TM_C1&ordered=LT51730382009007MTI00&node=INVSVC","https://earthexplorer.usgs.gov/download/external/options/LANDSAT_TM_C1/LT51730382009007MTI00/INVSVC/","LT51730382009007MTI00","LT05_L1TP_173038_20090107_20180309_01_T1","NULL","https://earthexplorer.usgs.gov/metadata/xml/12266/LT51730382009007MTI00/","https://earthexplorer.usgs.gov/fgdc/12266/LT51730382009007MTI00/save_xml","2018-06-20","https://earthexplorer.usgs.gov/order/process?dataset_name=LANDSAT_TM_C1&ordered=LT51730382009007MTI00&node=INVSVC","FALSE","FALSE","Entity ID: LT05_L1TP_173038_20090107_20180309_01_T1, Acquisition Date: 07-JAN-09, Path: 173, Row: 38","LANDSAT_TM_C1","'source_metadata', 'l1', 'toa', 'bt', 'sr', 'sr_ndvi', 'sr_evi', 'sr_savi', 'sr_msavi', 'sr_ndmi', 'sr_nbr', 'sr_nbr2', 'stats', 'pixel_qa', 'stalg_single_channel', 'reanalsrc_narr', 'reanalsrc_merra2', 'reanalsrc_fp', 'reanalsrc_fpit'",0
"116","2009-08-03","2009:215:07:53:50.1055000","2009:215:07:54:16.7185600",173,38,0,0,"TM",9,"POLYGON ((35.79093 31.09186, 37.70016 30.81416, 38.14125 32.39372, 36.20039 32.67606, 35.79093 31.09186))","35.79093,30.81416,38.14125,32.67606","https://ims.cr.usgs.gov/browse/landsat_tm_c1/2009/173/038/LT05_L1TP_173038_20090803_20180309_01_T1.jpg","https://earthexplorer.usgs.gov/order/process?dataset_name=LANDSAT_TM_C1&ordered=LT51730382009215MTI00&node=INVSVC","https://earthexplorer.usgs.gov/download/external/options/LANDSAT_TM_C1/LT51730382009215MTI00/INVSVC/","LT51730382009215MTI00","LT05_L1TP_173038_20090803_20180309_01_T1","NULL","https://earthexplorer.usgs.gov/metadata/xml/12266/LT51730382009215MTI00/","https://earthexplorer.usgs.gov/fgdc/12266/LT51730382009215MTI00/save_xml","2018-06-20","https://earthexplorer.usgs.gov/order/process?dataset_name=LANDSAT_TM_C1&ordered=LT51730382009215MTI00&node=INVSVC","FALSE","FALSE","Entity ID: LT05_L1TP_173038_20090803_20180309_01_T1, Acquisition Date: 03-AUG-09, Path: 173, Row: 38","LANDSAT_TM_C1","'source_metadata', 'l1', 'toa', 'bt', 'sr', 'sr_ndvi', 'sr_evi', 'sr_savi', 'sr_msavi', 'sr_ndmi', 'sr_nbr', 'sr_nbr2', 'stats', 'pixel_qa', 'stalg_single_channel', 'reanalsrc_narr', 'reanalsrc_merra2', 'reanalsrc_fp', 'reanalsrc_fpit'",0
"117","2010-01-26","2010:026:07:55:32.6630000","2010:026:07:55:59.2758800",173,38,87,87,"TM",9,"POLYGON ((35.77626 31.09678, 37.68559 30.81906, 38.12671 32.39862, 36.18576 32.68098, 35.77626 31.09678))","35.77626,30.81906,38.12671,32.68098","https://ims.cr.usgs.gov/browse/landsat_tm_c1/2010/173/038/LT05_L1GS_173038_20100126_20180303_01_T2.jpg","https://earthexplorer.usgs.gov/order/process?dataset_name=LANDSAT_TM_C1&ordered=LT51730382010026MTI00&node=INVSVC","https://earthexplorer.usgs.gov/download/external/options/LANDSAT_TM_C1/LT51730382010026MTI00/INVSVC/","LT51730382010026MTI00","LT05_L1GS_173038_20100126_20180303_01_T2","NULL","https://earthexplorer.usgs.gov/metadata/xml/12266/LT51730382010026MTI00/","https://earthexplorer.usgs.gov/fgdc/12266/LT51730382010026MTI00/save_xml","2018-06-20","https://earthexplorer.usgs.gov/order/process?dataset_name=LANDSAT_TM_C1&ordered=LT51730382010026MTI00&node=INVSVC","FALSE","FALSE","Entity ID: LT05_L1GS_173038_20100126_20180303_01_T2, Acquisition Date: 26-JAN-10, Path: 173, Row: 38","LANDSAT_TM_C1","'source_metadata', 'l1', 'toa', 'bt', 'sr', 'sr_ndvi', 'sr_evi', 'sr_savi', 'sr_msavi', 'sr_ndmi', 'sr_nbr', 'sr_nbr2', 'stats', 'pixel_qa', 'stalg_single_channel', 'reanalsrc_narr', 'reanalsrc_merra2', 'reanalsrc_fp', 'reanalsrc_fpit'",0.00503254378313091
"118","2010-08-06","2010:218:07:55:04.6709400","2010:218:07:55:31.2839400",173,38,0,0,"TM",9,"POLYGON ((35.7795 31.09133, 37.68872 30.81363, 38.12981 32.39319, 36.18897 32.67553, 35.7795 31.09133))","35.7795,30.81363,38.12981,32.67553","https://ims.cr.usgs.gov/browse/landsat_tm_c1/2010/173/038/LT05_L1TP_173038_20100806_20180128_01_T1.jpg","https://earthexplorer.usgs.gov/order/process?dataset_name=LANDSAT_TM_C1&ordered=LT51730382010218MTI00&node=INVSVC","https://earthexplorer.usgs.gov/download/external/options/LANDSAT_TM_C1/LT51730382010218MTI00/INVSVC/","LT51730382010218MTI00","LT05_L1TP_173038_20100806_20180128_01_T1","NULL","https://earthexplorer.usgs.gov/metadata/xml/12266/LT51730382010218MTI00/","https://earthexplorer.usgs.gov/fgdc/12266/LT51730382010218MTI00/save_xml","2018-06-20","https://earthexplorer.usgs.gov/order/process?dataset_name=LANDSAT_TM_C1&ordered=LT51730382010218MTI00&node=INVSVC","FALSE","FALSE","Entity ID: LT05_L1TP_173038_20100806_20180128_01_T1, Acquisition Date: 06-AUG-10, Path: 173, Row: 38","LANDSAT_TM_C1","'source_metadata', 'l1', 'toa', 'bt', 'sr', 'sr_ndvi', 'sr_evi', 'sr_savi', 'sr_msavi', 'sr_ndmi', 'sr_nbr', 'sr_nbr2', 'stats', 'pixel_qa', 'stalg_single_channel', 'reanalsrc_narr', 'reanalsrc_merra2', 'reanalsrc_fp', 'reanalsrc_fpit'",0
"5","2011-01-13","2011:013:07:54:37.9473100","2011:013:07:55:04.5601300",173,38,0,0,"TM",9,"POLYGON ((35.79021 31.09257, 37.69945 30.81487, 38.14055 32.39442, 36.19968 32.67677, 35.79021 31.09257))","35.79021,30.81487,38.14055,32.67677","https://ims.cr.usgs.gov/browse/landsat_tm_c1/2011/173/038/LT05_L1TP_173038_20110113_20180502_01_T1.jpg","https://earthexplorer.usgs.gov/order/process?dataset_name=LANDSAT_TM_C1&ordered=LT51730382011013MTI00&node=INVSVC","https://earthexplorer.usgs.gov/download/external/options/LANDSAT_TM_C1/LT51730382011013MTI00/INVSVC/","LT51730382011013MTI00","LT05_L1TP_173038_20110113_20180502_01_T1","NULL","https://earthexplorer.usgs.gov/metadata/xml/12266/LT51730382011013MTI00/","https://earthexplorer.usgs.gov/fgdc/12266/LT51730382011013MTI00/save_xml","2018-06-20","https://earthexplorer.usgs.gov/order/process?dataset_name=LANDSAT_TM_C1&ordered=LT51730382011013MTI00&node=INVSVC","FALSE","FALSE","Entity ID: LT05_L1TP_173038_20110113_20180502_01_T1, Acquisition Date: 13-JAN-11, Path: 173, Row: 38","LANDSAT_TM_C1","'source_metadata', 'l1', 'toa', 'bt', 'sr', 'sr_ndvi', 'sr_evi', 'sr_savi', 'sr_msavi', 'sr_ndmi', 'sr_nbr', 'sr_nbr2', 'stats', 'pixel_qa', 'stalg_single_channel', 'reanalsrc_narr', 'reanalsrc_merra2', 'reanalsrc_fp', 'reanalsrc_fpit'",0
"46","2013-08-14","2013:226:08:06:39.5872810","2013:226:08:07:11.3572770",173,38,0,0,"OLI_TIRS",9,"POLYGON ((35.75061 31.06546, 37.69327 30.68043, 38.17477 32.40552, 36.19548 32.79044, 35.75061 31.06546))","35.75061,30.68043,38.17477,32.79044","https://ims.cr.usgs.gov/browse/landsat_8_c1/2013/173/038/LC08_L1TP_173038_20130814_20180526_01_T1.jpg","https://earthexplorer.usgs.gov/order/process?dataset_name=LANDSAT_8_C1&ordered=LC81730382013226LGN02&node=INVSVC","https://earthexplorer.usgs.gov/download/external/options/LANDSAT_8_C1/LC81730382013226LGN02/INVSVC/","LC81730382013226LGN02","LC08_L1TP_173038_20130814_20180526_01_T1","NULL","https://earthexplorer.usgs.gov/metadata/xml/12864/LC81730382013226LGN02/","https://earthexplorer.usgs.gov/fgdc/12864/LC81730382013226LGN02/save_xml","2018-05-26","https://earthexplorer.usgs.gov/order/process?dataset_name=LANDSAT_8_C1&ordered=LC81730382013226LGN02&node=INVSVC","FALSE","FALSE","Entity ID: LC08_L1TP_173038_20130814_20180526_01_T1, Acquisition Date: 14-AUG-13, Path: 173, Row: 38","LANDSAT_8_C1","'source_metadata', 'l1', 'toa', 'bt', 'sr', 'sr_ndvi', 'sr_evi', 'sr_savi', 'sr_msavi', 'sr_ndmi', 'sr_nbr', 'sr_nbr2', 'stats', 'pixel_qa', 'stalg_split_window', 'stalg_single_channel', 'reanalsrc_narr', 'reanalsrc_merra2', 'reanalsrc_fp', 'reanalsrc_fpit'",0.194727381665668
"47","2014-01-21","2014:021:08:05:47.9199110","2014:021:08:06:19.6899070",173,38,1.19,1.19,"OLI_TIRS",9,"POLYGON ((35.73752 31.06482, 37.68018 30.68054, 38.16085 32.40575, 36.18148 32.78994, 35.73752 31.06482))","35.73752,30.68054,38.16085,32.78994","https://ims.cr.usgs.gov/browse/landsat_8_c1/2014/173/038/LC08_L1TP_173038_20140121_20170426_01_T1.jpg","https://earthexplorer.usgs.gov/order/process?dataset_name=LANDSAT_8_C1&ordered=LC81730382014021LGN01&node=INVSVC","https://earthexplorer.usgs.gov/download/external/options/LANDSAT_8_C1/LC81730382014021LGN01/INVSVC/","LC81730382014021LGN01","LC08_L1TP_173038_20140121_20170426_01_T1","NULL","https://earthexplorer.usgs.gov/metadata/xml/12864/LC81730382014021LGN01/","https://earthexplorer.usgs.gov/fgdc/12864/LC81730382014021LGN01/save_xml","2017-04-26","https://earthexplorer.usgs.gov/order/process?dataset_name=LANDSAT_8_C1&ordered=LC81730382014021LGN01&node=INVSVC","FALSE","FALSE","Entity ID: LC08_L1TP_173038_20140121_20170426_01_T1, Acquisition Date: 21-JAN-14, Path: 173, Row: 38","LANDSAT_8_C1","'source_metadata', 'l1', 'toa', 'bt', 'sr', 'sr_ndvi', 'sr_evi', 'sr_savi', 'sr_msavi', 'sr_ndmi', 'sr_nbr', 'sr_nbr2', 'stats', 'pixel_qa', 'stalg_split_window', 'stalg_single_channel', 'reanalsrc_narr', 'reanalsrc_merra2', 'reanalsrc_fp', 'reanalsrc_fpit'",0.0641448247599024
"6","2014-08-17","2014:229:08:04:43.6237940","2014:229:08:05:15.3937900",173,38,0,0,"OLI_TIRS",9,"POLYGON ((35.7549 31.06567, 37.69695 30.68038, 38.17892 32.40555, 36.20019 32.79075, 35.7549 31.06567))","35.7549,30.68038,38.17892,32.79075","https://ims.cr.usgs.gov/browse/landsat_8_c1/2014/173/038/LC08_L1TP_173038_20140817_20170420_01_T1.jpg","https://earthexplorer.usgs.gov/order/process?dataset_name=LANDSAT_8_C1&ordered=LC81730382014229LGN01&node=INVSVC","https://earthexplorer.usgs.gov/download/external/options/LANDSAT_8_C1/LC81730382014229LGN01/INVSVC/","LC81730382014229LGN01","LC08_L1TP_173038_20140817_20170420_01_T1","NULL","https://earthexplorer.usgs.gov/metadata/xml/12864/LC81730382014229LGN01/","https://earthexplorer.usgs.gov/fgdc/12864/LC81730382014229LGN01/save_xml","2017-04-20","https://earthexplorer.usgs.gov/order/process?dataset_name=LANDSAT_8_C1&ordered=LC81730382014229LGN01&node=INVSVC","FALSE","FALSE","Entity ID: LC08_L1TP_173038_20140817_20170420_01_T1, Acquisition Date: 17-AUG-14, Path: 173, Row: 38","LANDSAT_8_C1","'source_metadata', 'l1', 'toa', 'bt', 'sr', 'sr_ndvi', 'sr_evi', 'sr_savi', 'sr_msavi', 'sr_ndmi', 'sr_nbr', 'sr_nbr2', 'stats', 'pixel_qa', 'stalg_split_window', 'stalg_single_channel', 'reanalsrc_narr', 'reanalsrc_merra2', 'reanalsrc_fp', 'reanalsrc_fpit'",0.313714306085345
"51","2015-01-24","2015:024:08:04:36.2330210","2015:024:08:05:08.0030170",173,38,11.13,11.13,"OLI_TIRS",9,"POLYGON ((35.75475 31.06517, 37.69701 30.6806, 38.17809 32.40588, 36.19916 32.79034, 35.75475 31.06517))","35.75475,30.6806,38.17809,32.79034","https://ims.cr.usgs.gov/browse/landsat_8_c1/2015/173/038/LC08_L1TP_173038_20150124_20170413_01_T1.jpg","https://earthexplorer.usgs.gov/order/process?dataset_name=LANDSAT_8_C1&ordered=LC81730382015024LGN01&node=INVSVC","https://earthexplorer.usgs.gov/download/external/options/LANDSAT_8_C1/LC81730382015024LGN01/INVSVC/","LC81730382015024LGN01","LC08_L1TP_173038_20150124_20170413_01_T1","NULL","https://earthexplorer.usgs.gov/metadata/xml/12864/LC81730382015024LGN01/","https://earthexplorer.usgs.gov/fgdc/12864/LC81730382015024LGN01/save_xml","2017-04-13","https://earthexplorer.usgs.gov/order/process?dataset_name=LANDSAT_8_C1&ordered=LC81730382015024LGN01&node=INVSVC","FALSE","FALSE","Entity ID: LC08_L1TP_173038_20150124_20170413_01_T1, Acquisition Date: 24-JAN-15, Path: 173, Row: 38","LANDSAT_8_C1","'source_metadata', 'l1', 'toa', 'bt', 'sr', 'sr_ndvi', 'sr_evi', 'sr_savi', 'sr_msavi', 'sr_ndmi', 'sr_nbr', 'sr_nbr2', 'stats', 'pixel_qa', 'stalg_split_window', 'stalg_single_channel', 'reanalsrc_narr', 'reanalsrc_merra2', 'reanalsrc_fp', 'reanalsrc_fpit'",0
"7","2015-08-20","2015:232:08:04:24.5118030","2015:232:08:04:56.2817990",173,38,0,0,"OLI_TIRS",9,"POLYGON ((35.76774 31.06564, 37.70963 30.68023, 38.19174 32.40542, 36.2132 32.79075, 35.76774 31.06564))","35.76774,30.68023,38.19174,32.79075","https://ims.cr.usgs.gov/browse/landsat_8_c1/2015/173/038/LC08_L1TP_173038_20150820_20180526_01_T1.jpg","https://earthexplorer.usgs.gov/order/process?dataset_name=LANDSAT_8_C1&ordered=LC81730382015232LGN02&node=INVSVC","https://earthexplorer.usgs.gov/download/external/options/LANDSAT_8_C1/LC81730382015232LGN02/INVSVC/","LC81730382015232LGN02","LC08_L1TP_173038_20150820_20180526_01_T1","NULL","https://earthexplorer.usgs.gov/metadata/xml/12864/LC81730382015232LGN02/","https://earthexplorer.usgs.gov/fgdc/12864/LC81730382015232LGN02/save_xml","2018-05-26","https://earthexplorer.usgs.gov/order/process?dataset_name=LANDSAT_8_C1&ordered=LC81730382015232LGN02&node=INVSVC","FALSE","FALSE","Entity ID: LC08_L1TP_173038_20150820_20180526_01_T1, Acquisition Date: 20-AUG-15, Path: 173, Row: 38","LANDSAT_8_C1","'source_metadata', 'l1', 'toa', 'bt', 'sr', 'sr_ndvi', 'sr_evi', 'sr_savi', 'sr_msavi', 'sr_ndmi', 'sr_nbr', 'sr_nbr2', 'stats', 'pixel_qa', 'stalg_split_window', 'stalg_single_channel', 'reanalsrc_narr', 'reanalsrc_merra2', 'reanalsrc_fp', 'reanalsrc_fpit'",0.104743378722131
"48","2016-01-11","2016:011:08:04:43.8701090","2016:011:08:05:15.6401060",173,38,20.64,20.64,"OLI_TIRS",9,"POLYGON ((35.75789 31.06523, 37.69996 30.68041, 38.1814 32.40565, 36.20267 32.79038, 35.75789 31.06523))","35.75789,30.68041,38.1814,32.79038","https://ims.cr.usgs.gov/browse/landsat_8_c1/2016/173/038/LC08_L1TP_173038_20160111_20170405_01_T1.jpg","https://earthexplorer.usgs.gov/order/process?dataset_name=LANDSAT_8_C1&ordered=LC81730382016011LGN02&node=INVSVC","https://earthexplorer.usgs.gov/download/external/options/LANDSAT_8_C1/LC81730382016011LGN02/INVSVC/","LC81730382016011LGN02","LC08_L1TP_173038_20160111_20170405_01_T1","NULL","https://earthexplorer.usgs.gov/metadata/xml/12864/LC81730382016011LGN02/","https://earthexplorer.usgs.gov/fgdc/12864/LC81730382016011LGN02/save_xml","2017-04-04","https://earthexplorer.usgs.gov/order/process?dataset_name=LANDSAT_8_C1&ordered=LC81730382016011LGN02&node=INVSVC","FALSE","FALSE","Entity ID: LC08_L1TP_173038_20160111_20170405_01_T1, Acquisition Date: 11-JAN-16, Path: 173, Row: 38","LANDSAT_8_C1","'source_metadata', 'l1', 'toa', 'bt', 'sr', 'sr_ndvi', 'sr_evi', 'sr_savi', 'sr_msavi', 'sr_ndmi', 'sr_nbr', 'sr_nbr2', 'stats', 'pixel_qa', 'stalg_split_window', 'stalg_single_channel', 'reanalsrc_narr', 'reanalsrc_merra2', 'reanalsrc_fp', 'reanalsrc_fpit'",1.67198445660505
"52","2016-08-06","2016:219:08:04:41.1093910","2016:219:08:05:12.8793870",173,38,0,0,"OLI_TIRS",9,"POLYGON ((35.77275 31.06537, 37.71459 30.68006, 38.19658 32.40527, 36.21809 32.79049, 35.77275 31.06537))","35.77275,30.68006,38.19658,32.79049","https://ims.cr.usgs.gov/browse/landsat_8_c1/2016/173/038/LC08_L1TP_173038_20160806_20170322_01_T1.jpg","https://earthexplorer.usgs.gov/order/process?dataset_name=LANDSAT_8_C1&ordered=LC81730382016219LGN01&node=INVSVC","https://earthexplorer.usgs.gov/download/external/options/LANDSAT_8_C1/LC81730382016219LGN01/INVSVC/","LC81730382016219LGN01","LC08_L1TP_173038_20160806_20170322_01_T1","NULL","https://earthexplorer.usgs.gov/metadata/xml/12864/LC81730382016219LGN01/","https://earthexplorer.usgs.gov/fgdc/12864/LC81730382016219LGN01/save_xml","2017-03-23","https://earthexplorer.usgs.gov/order/process?dataset_name=LANDSAT_8_C1&ordered=LC81730382016219LGN01&node=INVSVC","FALSE","FALSE","Entity ID: LC08_L1TP_173038_20160806_20170322_01_T1, Acquisition Date: 06-AUG-16, Path: 173, Row: 38","LANDSAT_8_C1","'source_metadata', 'l1', 'toa', 'bt', 'sr', 'sr_ndvi', 'sr_evi', 'sr_savi', 'sr_msavi', 'sr_ndmi', 'sr_nbr', 'sr_nbr2', 'stats', 'pixel_qa', 'stalg_split_window', 'stalg_single_channel', 'reanalsrc_narr', 'reanalsrc_merra2', 'reanalsrc_fp', 'reanalsrc_fpit'",0.448326780408831
"49","2017-01-29","2017:029:08:04:43.4704040","2017:029:08:05:15.2404010",173,38,8.35,8.35,"OLI_TIRS",9,"POLYGON ((35.74769 31.063, 37.68985 30.67841, 38.17224 32.40826, 36.19332 32.79277, 35.74769 31.063))","35.74769,30.67841,38.17224,32.79277","https://ims.cr.usgs.gov/browse/landsat_8_c1/2017/173/038/LC08_L1TP_173038_20170129_20170214_01_T1.jpg","https://earthexplorer.usgs.gov/order/process?dataset_name=LANDSAT_8_C1&ordered=LC81730382017029LGN00&node=INVSVC","https://earthexplorer.usgs.gov/download/external/options/LANDSAT_8_C1/LC81730382017029LGN00/INVSVC/","LC81730382017029LGN00","LC08_L1TP_173038_20170129_20170214_01_T1","NULL","https://earthexplorer.usgs.gov/metadata/xml/12864/LC81730382017029LGN00/","https://earthexplorer.usgs.gov/fgdc/12864/LC81730382017029LGN00/save_xml","2017-02-14","https://earthexplorer.usgs.gov/order/process?dataset_name=LANDSAT_8_C1&ordered=LC81730382017029LGN00&node=INVSVC","FALSE","FALSE","Entity ID: LC08_L1TP_173038_20170129_20170214_01_T1, Acquisition Date: 29-JAN-17, Path: 173, Row: 38","LANDSAT_8_C1","'source_metadata', 'l1', 'toa', 'bt', 'sr', 'sr_ndvi', 'sr_evi', 'sr_savi', 'sr_msavi', 'sr_ndmi', 'sr_nbr', 'sr_nbr2', 'stats', 'pixel_qa', 'stalg_split_window', 'stalg_single_channel', 'reanalsrc_narr', 'reanalsrc_merra2', 'reanalsrc_fp', 'reanalsrc_fpit'",1.6993674278975
"37","2017-08-09","2017:221:08:04:40.4538090","2017:221:08:05:12.2238070",173,38,0,0,"OLI_TIRS",9,"POLYGON ((35.75935 31.06547, 37.70144 30.68011, 38.18344 32.40527, 36.20469 32.79053, 35.75935 31.06547))","35.75935,30.68011,38.18344,32.79053","https://ims.cr.usgs.gov/browse/landsat_8_c1/2017/173/038/LC08_L1TP_173038_20170809_20170824_01_T1.jpg","https://earthexplorer.usgs.gov/order/process?dataset_name=LANDSAT_8_C1&ordered=LC81730382017221LGN00&node=INVSVC","https://earthexplorer.usgs.gov/download/external/options/LANDSAT_8_C1/LC81730382017221LGN00/INVSVC/","LC81730382017221LGN00","LC08_L1TP_173038_20170809_20170824_01_T1","NULL","https://earthexplorer.usgs.gov/metadata/xml/12864/LC81730382017221LGN00/","https://earthexplorer.usgs.gov/fgdc/12864/LC81730382017221LGN00/save_xml","2017-08-23","https://earthexplorer.usgs.gov/order/process?dataset_name=LANDSAT_8_C1&ordered=LC81730382017221LGN00&node=INVSVC","FALSE","FALSE","Entity ID: LC08_L1TP_173038_20170809_20170824_01_T1, Acquisition Date: 09-AUG-17, Path: 173, Row: 38","LANDSAT_8_C1","'source_metadata', 'l1', 'toa', 'bt', 'sr', 'sr_ndvi', 'sr_evi', 'sr_savi', 'sr_msavi', 'sr_ndmi', 'sr_nbr', 'sr_nbr2', 'stats', 'pixel_qa', 'stalg_split_window', 'stalg_single_channel', 'reanalsrc_narr', 'reanalsrc_merra2', 'reanalsrc_fp', 'reanalsrc_fpit'",0.383237375447853
"38","2018-01-16","2018:016:08:04:42.0430030","2018:016:08:05:13.8130010",173,38,11.13,11.13,"OLI_TIRS",9,"POLYGON ((35.748 31.06516, 37.69 30.68051, 38.17124 32.40586, 36.19257 32.7904, 35.748 31.06516))","35.748,30.68051,38.17124,32.7904","https://ims.cr.usgs.gov/browse/landsat_8_c1/2018/173/038/LC08_L1TP_173038_20180116_20180120_01_T1.jpg","https://earthexplorer.usgs.gov/order/process?dataset_name=LANDSAT_8_C1&ordered=LC81730382018016LGN00&node=INVSVC","https://earthexplorer.usgs.gov/download/external/options/LANDSAT_8_C1/LC81730382018016LGN00/INVSVC/","LC81730382018016LGN00","LC08_L1TP_173038_20180116_20180120_01_T1","NULL","https://earthexplorer.usgs.gov/metadata/xml/12864/LC81730382018016LGN00/","https://earthexplorer.usgs.gov/fgdc/12864/LC81730382018016LGN00/save_xml","2018-01-20","https://earthexplorer.usgs.gov/order/process?dataset_name=LANDSAT_8_C1&ordered=LC81730382018016LGN00&node=INVSVC","FALSE","FALSE","Entity ID: LC08_L1TP_173038_20180116_20180120_01_T1, Acquisition Date: 16-JAN-18, Path: 173, Row: 38","LANDSAT_8_C1","'source_metadata', 'l1', 'toa', 'bt', 'sr', 'sr_ndvi', 'sr_evi', 'sr_savi', 'sr_msavi', 'sr_ndmi', 'sr_nbr', 'sr_nbr2', 'stats', 'pixel_qa', 'stalg_split_window', 'stalg_single_channel', 'reanalsrc_narr', 'reanalsrc_merra2', 'reanalsrc_fp', 'reanalsrc_fpit'",0
"71","2018-08-12","2018:224:08:04:03.8379150","2018:224:08:04:35.6079140",173,38,0,0,"OLI_TIRS",9,"POLYGON ((35.77149 31.0658, 37.71331 30.68028, 38.1956 32.40546, 36.21713 32.79088, 35.77149 31.0658))","35.77149,30.68028,38.1956,32.79088","https://ims.cr.usgs.gov/browse/landsat_8_c1/2018/173/038/LC08_L1TP_173038_20180812_20180815_01_T1.jpg","https://earthexplorer.usgs.gov/order/process?dataset_name=LANDSAT_8_C1&ordered=LC81730382018224LGN01&node=INVSVC","https://earthexplorer.usgs.gov/download/external/options/LANDSAT_8_C1/LC81730382018224LGN01/INVSVC/","LC81730382018224LGN01","LC08_L1TP_173038_20180812_20180815_01_T1","NULL","https://earthexplorer.usgs.gov/metadata/xml/12864/LC81730382018224LGN01/","https://earthexplorer.usgs.gov/fgdc/12864/LC81730382018224LGN01/save_xml","2018-08-15","https://earthexplorer.usgs.gov/order/process?dataset_name=LANDSAT_8_C1&ordered=LC81730382018224LGN01&node=INVSVC","FALSE","FALSE","Entity ID: LC08_L1TP_173038_20180812_20180815_01_T1, Acquisition Date: 12-AUG-18, Path: 173, Row: 38","LANDSAT_8_C1","'source_metadata', 'l1', 'toa', 'bt', 'sr', 'sr_ndvi', 'sr_evi', 'sr_savi', 'sr_msavi', 'sr_ndmi', 'sr_nbr', 'sr_nbr2', 'stats', 'pixel_qa', 'stalg_split_window', 'stalg_single_channel', 'reanalsrc_narr', 'reanalsrc_merra2', 'reanalsrc_fp', 'reanalsrc_fpit'",0.299715270493032
